b,r,c
"(:Blog {path: /blogs/posts/a-list-of-materials-used-in-lippan-kaam, title: The Ingredients Behind Lippan Kaam})",[:RELATED_COLLECTION {overlap: 3}],"(:Collection {path: /collections/adarsh-artcan-collection, title: Explore the ArtCan Collection: Authentic Kerala Mural Art by Adarsh})"
"(:Blog {path: /blogs/posts/tholu-bommalata-the-puppeteers-of-andhra-pradesh, title: Tholu Bommalata - The Puppeteers of Andhra Pradesh})",[:RELATED_COLLECTION {overlap: 3}],"(:Collection {path: /collections/laila-chitrakar, title: Laila Chitrakar})"
"(:Blog {path: /blogs/posts/visit-kutch-s-colourful-craft-village-nirona, title: Visit Kutch’s colourful craft village Nirona})",[:RELATED_COLLECTION {overlap: 3}],"(:Collection {path: /collections/soof, title: Soof})"
"(:Blog {path: /blogs/posts/bhil-art, title: Bhil Art- Uniqueness in Simplicity.})",[:RELATED_COLLECTION {overlap: 3}],"(:Collection {path: /collections/daya-ben, title: Daya Ben})"
"(:Blog {path: /blogs/posts/block-printing-the-rarity-of-fabrics-made-by-hand, title: Block Printing: The Rarity of Fabrics Made by Hand})",[:RELATED_COLLECTION {overlap: 3}],"(:Collection {path: /collections/kamlesh-parmar, title: Kamlesh Parmar})"
"(:Blog {path: /blogs/posts/kantha-the-embroidered-threads-of-bengal, title: Kantha – the embroidered threads of Bengal})",[:RELATED_COLLECTION {overlap: 3}],"(:Collection {path: /collections/kamlesh-parmar, title: Kamlesh Parmar})"
"(:Blog {path: /blogs/posts/bhil-art, title: Bhil Art- Uniqueness in Simplicity.})",[:RELATED_COLLECTION {overlap: 3}],"(:Collection {path: /collections/kamlesh-parmar, title: Kamlesh Parmar})"
"(:Blog {path: /blogs/posts/signature-patterns-in-gond-art, title: Signature Patterns in Gond Art})",[:RELATED_COLLECTION {overlap: 3}],"(:Collection {path: /collections/kamlesh-parmar, title: Kamlesh Parmar})"
"(:Blog {path: /blogs/posts/traversing-india-s-folk-and-tribal-legacies, title: Traversing India’s Folk and Tribal Legacies})",[:RELATED_COLLECTION {overlap: 3}],"(:Collection {path: /collections/kamlesh-parmar, title: Kamlesh Parmar})"
"(:Blog {path: /blogs/posts/madhubani-paintings-an-enduring-legacy-of-mithila, title: MADHUBANI PAINTINGS: AN ENDURING LEGACY OF MITHILA})",[:RELATED_COLLECTION {overlap: 3}],"(:Collection {path: /collections/ranjeet, title: Ranjeet Jha})"
"(:Blog {path: /blogs/posts/from-persia-to-india-the-enduring-legacy-of-ganjifa-indias-oldest-card-game, title: From Persia To India: The Enduring Legacy Of Ganjifa, India's Oldest Card Game})",[:RELATED_COLLECTION {overlap: 3}],"(:Collection {path: /collections/kartik-chauhan, title: Kartik Chauhan})"
"(:Blog {path: /blogs/posts/chinese-new-year-the-year-of-ox, title: Chinese New Year- The Year of Ox})",[:RELATED_COLLECTION {overlap: 4}],"(:Collection {path: /collections/chinese-new-year-year-of-the-ox-paintings, title: Chinese new Year- Year of the Ox paintings})"
"(:Blog {path: /blogs/posts/bandhani-print-india, title: Bandhani Print: The Art of Tie-Dye in India})",[:RELATED_COLLECTION {overlap: 4}],"(:Collection {path: /collections/bandhini, title: Bandhani})"
"(:Blog {path: /blogs/posts/hampi-the-enigmatic-marvel-of-india, title: HAMPI:  THE ENIGMATIC MARVEL OF INDIA})",[:RELATED_COLLECTION {overlap: 3}],"(:Collection {path: /collections/bandhini, title: Bandhani})"
"(:Blog {path: /blogs/posts/madhubani-paintings-an-enduring-legacy-of-mithila, title: MADHUBANI PAINTINGS: AN ENDURING LEGACY OF MITHILA})",[:RELATED_COLLECTION {overlap: 3}],"(:Collection {path: /collections/thewa-craft, title: Thewa Craft})"
"(:Blog {path: /blogs/posts/symbolism-in-indian-tribal-art-forms, title: Symbolism In Indian Tribal Art Forms})",[:RELATED_COLLECTION {overlap: 3}],"(:Collection {path: /collections/thewa-craft, title: Thewa Craft})"
"(:Blog {path: /blogs/posts/wedding-gift-ideas-inspired-by-traditional-indian-art, title: Wedding Gift Ideas Inspired by Traditional Indian Art})",[:RELATED_COLLECTION {overlap: 3}],"(:Collection {path: /collections/thewa-craft, title: Thewa Craft})"
"(:Blog {path: /blogs/posts/indian-textile-art-embroidery-for-your-home-decor, title: Indian Textile Art & Embroidery for Your Home Decor})",[:RELATED_COLLECTION {overlap: 3}],"(:Collection {path: /collections/delhi, title: Delhi})"
"(:Blog {path: /blogs/posts/molela-terracotta-craft, title: Molela Terracotta: A Rajasthani Craft})",[:RELATED_COLLECTION {overlap: 3}],"(:Collection {path: /collections/kailash-devi, title: Kailash Devi})"
"(:Blog {path: /blogs/posts/warli-paintings-different-types-styles, title: WARLI PAINTINGS, DIFFERENT TYPES & STYLES})",[:RELATED_COLLECTION {overlap: 3}],"(:Collection {path: /collections/godhana, title: Godhana})"
"(:Blog {path: /blogs/posts/motifs-and-math-geometric-shapes-in-warli-art, title: Motifs and Math: Geometric Shapes in Warli Art})",[:RELATED_COLLECTION {overlap: 3}],"(:Collection {path: /collections/godhana, title: Godhana})"
"(:Blog {path: /blogs/posts/a-list-of-materials-used-in-lippan-kaam, title: The Ingredients Behind Lippan Kaam})",[:RELATED_COLLECTION {overlap: 3}],"(:Collection {path: /collections/jijulal-artcan-collection, title: Experience the Heritage of Kerala Mural Art by V.M. Jijulal})"
"(:Blog {path: /blogs/posts/from-persia-to-india-the-enduring-legacy-of-ganjifa-indias-oldest-card-game, title: From Persia To India: The Enduring Legacy Of Ganjifa, India's Oldest Card Game})",[:RELATED_COLLECTION {overlap: 3}],"(:Collection {path: /collections/kaluram-meghvanshi, title: Kaluram Meghvanshi})"
"(:Blog {path: /blogs/posts/the-city-of-barmer-all-you-need-to-know, title: The City of Barmer: All You Need To Know})",[:RELATED_COLLECTION {overlap: 3}],"(:Collection {path: /collections/baskaran-natarajan, title: Baskaran Natarajan})"
"(:Blog {path: /blogs/posts/get-your-diy-on-5-indian-crafts-to-cure-boredom, title: Get Your DIY On: 5 Indian Crafts to Cure Boredom})",[:RELATED_COLLECTION {overlap: 4}],"(:Collection {path: /collections/phad/, title: Phad Paintings and Art Collection})"
"(:Blog {path: /blogs/posts/ftlo-art-visit-this-west-bengal-village, title: FTLO art, visit this West Bengal village})",[:RELATED_COLLECTION {overlap: 5}],"(:Collection {path: /collections/phad/, title: Phad Paintings and Art Collection})"
"(:Blog {path: /blogs/posts/storytelling-through-indian-tribal-and-folk-arts, title: Storytelling through Indian Tribal and Folk Arts})",[:RELATED_COLLECTION {overlap: 3}],"(:Collection {path: /collections/tholu-bommalata%20, title: Tholu Bommalata})"
"(:Blog {path: /blogs/posts/exploring-the-different-styles-of-kalamkari-art, title: Exploring the Different Styles of Kalamkari Art})",[:RELATED_COLLECTION {overlap: 3}],"(:Collection {path: /collections/tholu-bommalata%20, title: Tholu Bommalata})"
"(:Blog {path: /blogs/posts/themes-and-symbolism-in-kalamkari-art-a-cultural-and-historical-perspective, title: Themes and Symbolism in Kalamkari Art: A Cultural and Historical Perspective})",[:RELATED_COLLECTION {overlap: 4}],"(:Collection {path: /collections/tholu-bommalata%20, title: Tholu Bommalata})"
"(:Blog {path: /blogs/posts/storytelling-in-tribal-and-folk-art-forms, title: Storytelling in Tribal and Folk Art Forms})",[:RELATED_COLLECTION {overlap: 3}],"(:Collection {path: /collections/tholu-bommalata%20, title: Tholu Bommalata})"
"(:Blog {path: /blogs/posts/the-pioneering-women-artists-of-bhil-art, title: The Pioneering Women of Bhil Art})",[:RELATED_COLLECTION {overlap: 4}],"(:Collection {path: /collections/tholu-bommalata%20, title: Tholu Bommalata})"
"(:Blog {path: /blogs/posts/the-flourishing-strokes-of-kalighat-a-legacy-in-lines-and-colours, title: The Flourishing Strokes of Kalighat: A Legacy in Lines and Colours})",[:RELATED_COLLECTION {overlap: 3}],"(:Collection {path: /collections/kalighat, title: Kalighat Paintings and Art Collection})"
"(:Blog {path: /blogs/posts/block-printing-the-rarity-of-fabrics-made-by-hand, title: Block Printing: The Rarity of Fabrics Made by Hand})",[:RELATED_COLLECTION {overlap: 4}],"(:Collection {path: /collections/gond-art, title: Gond Art and Paintings})"
"(:Blog {path: /blogs/posts/mapping-indias-folk-music-styles, title: India's Folk Music Styles: A Map})",[:RELATED_COLLECTION {overlap: 3}],"(:Collection {path: /collections/gond-art, title: Gond Art and Paintings})"
"(:Blog {path: /blogs/posts/the-tree-of-life-in-traditional-indian-arts, title: The Tree of Life in Traditional Indian Arts})",[:RELATED_COLLECTION {overlap: 3}],"(:Collection {path: /collections/gond-art, title: Gond Art and Paintings})"
"(:Blog {path: /blogs/posts/madhubani-paintings-an-enduring-legacy-of-mithila, title: MADHUBANI PAINTINGS: AN ENDURING LEGACY OF MITHILA})",[:RELATED_COLLECTION {overlap: 3}],"(:Collection {path: /collections/gond-art, title: Gond Art and Paintings})"
"(:Blog {path: /blogs/posts/symbolism-in-indian-tribal-art-forms, title: Symbolism In Indian Tribal Art Forms})",[:RELATED_COLLECTION {overlap: 3}],"(:Collection {path: /collections/gond-art, title: Gond Art and Paintings})"
"(:Blog {path: /blogs/posts/wedding-gift-ideas-inspired-by-traditional-indian-art, title: Wedding Gift Ideas Inspired by Traditional Indian Art})",[:RELATED_COLLECTION {overlap: 3}],"(:Collection {path: /collections/gond-art, title: Gond Art and Paintings})"
"(:Blog {path: /blogs/posts/impact-of-globalisation-on-indigenous-indian-art-forms, title: Impact of Globalisation on Indigenous Indian Art Forms})",[:RELATED_COLLECTION {overlap: 3}],"(:Collection {path: /collections/gond-art, title: Gond Art and Paintings})"
"(:Blog {path: /blogs/posts/signature-patterns-in-gond-art, title: Signature Patterns in Gond Art})",[:RELATED_COLLECTION {overlap: 5}],"(:Collection {path: /collections/gond-art, title: Gond Art and Paintings})"
"(:Blog {path: /blogs/posts/the-different-forms-of-floor-paintings, title: The Different Forms of Floor Paintings in South Asia})",[:RELATED_COLLECTION {overlap: 3}],"(:Collection {path: /collections/gond-art, title: Gond Art and Paintings})"
"(:Blog {path: /blogs/posts/the-evolution-of-gond-painting-from-walls-to-paper, title: The Evolution of Gond Painting From Walls to Paper})",[:RELATED_COLLECTION {overlap: 3}],"(:Collection {path: /collections/gond-art, title: Gond Art and Paintings})"
"(:Blog {path: /blogs/posts/the-evolution-of-motifs-from-ancient-symbols-to-modern-interpretation-in-indian-art, title: The Evolution of Motifs: From Ancient Symbols to Modern Interpretation in Indian Art})",[:RELATED_COLLECTION {overlap: 3}],"(:Collection {path: /collections/pattachitra, title: Pattachitra Painting: The Timeless Folk Art of Odisha & Bengal})"
"(:Blog {path: /blogs/posts/weaves-of-india, title: Weaves of India})",[:RELATED_COLLECTION {overlap: 4}],"(:Collection {path: /collections/pattachitra, title: Pattachitra Painting: The Timeless Folk Art of Odisha & Bengal})"
"(:Blog {path: /blogs/posts/get-your-diy-on-5-indian-crafts-to-cure-boredom, title: Get Your DIY On: 5 Indian Crafts to Cure Boredom})",[:RELATED_COLLECTION {overlap: 3}],"(:Collection {path: /collections/pattachitra, title: Pattachitra Painting: The Timeless Folk Art of Odisha & Bengal})"
"(:Blog {path: /blogs/posts/wedding-gift-ideas-inspired-by-traditional-indian-art, title: Wedding Gift Ideas Inspired by Traditional Indian Art})",[:RELATED_COLLECTION {overlap: 4}],"(:Collection {path: /collections/pattachitra, title: Pattachitra Painting: The Timeless Folk Art of Odisha & Bengal})"
"(:Blog {path: /blogs/posts/unfurling-a-world-of-wonder-a-journey-into-bengal-pattachitra, title: Unfurling a world of wonder: A journey into Bengal Pattachitra})",[:RELATED_COLLECTION {overlap: 3}],"(:Collection {path: /collections/pattachitra, title: Pattachitra Painting: The Timeless Folk Art of Odisha & Bengal})"
"(:Blog {path: /blogs/posts/a-traveller-s-guide-to-ayodhya, title: A traveller’s guide to Ayodhya})",[:RELATED_COLLECTION {overlap: 3}],"(:Collection {path: /collections/pattachitra, title: Pattachitra Painting: The Timeless Folk Art of Odisha & Bengal})"
"(:Blog {path: /blogs/posts/art-of-mysore-ganjifa-traditional-card-game-of-india, title: Art of Mysore Ganjifa: Traditional Card Game of India})",[:RELATED_COLLECTION {overlap: 3}],"(:Collection {path: /collections/pattachitra, title: Pattachitra Painting: The Timeless Folk Art of Odisha & Bengal})"
"(:Blog {path: /blogs/posts/the-mud-work-of-kutch-lippan, title: The Mud Work of Kutch: Lippan Kaam})",[:RELATED_COLLECTION {overlap: 3}],"(:Collection {path: /collections/pattachitra, title: Pattachitra Painting: The Timeless Folk Art of Odisha & Bengal})"
"(:Blog {path: /blogs/posts/the-pioneering-women-artists-of-bhil-art, title: The Pioneering Women of Bhil Art})",[:RELATED_COLLECTION {overlap: 3}],"(:Collection {path: /collections/pattachitra, title: Pattachitra Painting: The Timeless Folk Art of Odisha & Bengal})"
"(:Blog {path: /blogs/posts/celebrating-shiv-parvati-a-journey-through-indian-art-traditions, title: Celebrating Shiv-Parvati: A Journey Through Indian Art Traditions})",[:RELATED_COLLECTION {overlap: 3}],"(:Collection {path: /collections/pattachitra, title: Pattachitra Painting: The Timeless Folk Art of Odisha & Bengal})"
"(:Blog {path: /blogs/posts/puppet-traditions-of-india, title: Puppet Traditions of India})",[:RELATED_COLLECTION {overlap: 3}],"(:Collection {path: /collections/paintings, title: Handpainted Paintings by Masters: A Timeless Collection of Indian Artworks})"
"(:Blog {path: /blogs/posts/the-city-of-barmer-all-you-need-to-know, title: The City of Barmer: All You Need To Know})",[:RELATED_COLLECTION {overlap: 3}],"(:Collection {path: /collections/paintings, title: Handpainted Paintings by Masters: A Timeless Collection of Indian Artworks})"
"(:Blog {path: /blogs/posts/hampi-the-enigmatic-marvel-of-india, title: HAMPI:  THE ENIGMATIC MARVEL OF INDIA})",[:RELATED_COLLECTION {overlap: 3}],"(:Collection {path: /collections/paintings, title: Handpainted Paintings by Masters: A Timeless Collection of Indian Artworks})"
"(:Blog {path: /blogs/posts/wedding-gift-ideas-inspired-by-traditional-indian-art, title: Wedding Gift Ideas Inspired by Traditional Indian Art})",[:RELATED_COLLECTION {overlap: 3}],"(:Collection {path: /collections/paintings, title: Handpainted Paintings by Masters: A Timeless Collection of Indian Artworks})"
"(:Blog {path: /blogs/posts/majuli-mask-painting, title: Majuli Mask Painting})",[:RELATED_COLLECTION {overlap: 4}],"(:Collection {path: /collections/paintings, title: Handpainted Paintings by Masters: A Timeless Collection of Indian Artworks})"
"(:Blog {path: /blogs/posts/impact-of-globalisation-on-indigenous-indian-art-forms, title: Impact of Globalisation on Indigenous Indian Art Forms})",[:RELATED_COLLECTION {overlap: 3}],"(:Collection {path: /collections/paintings, title: Handpainted Paintings by Masters: A Timeless Collection of Indian Artworks})"
"(:Blog {path: /blogs/posts/the-art-of-kantha, title: The Art of Kantha})",[:RELATED_COLLECTION {overlap: 3}],"(:Collection {path: /collections/paintings, title: Handpainted Paintings by Masters: A Timeless Collection of Indian Artworks})"
"(:Blog {path: /blogs/posts/tholu-bommalata-the-puppeteers-of-andhra-pradesh, title: Tholu Bommalata - The Puppeteers of Andhra Pradesh})",[:RELATED_COLLECTION {overlap: 4}],"(:Collection {path: /collections/paintings, title: Handpainted Paintings by Masters: A Timeless Collection of Indian Artworks})"
"(:Blog {path: /blogs/posts/how-to-start-a-personal-collection-of-indian-folk-paintings, title: How to Start a Personal Collection of Indian Folk Paintings})",[:RELATED_COLLECTION {overlap: 4}],"(:Collection {path: /collections/paintings, title: Handpainted Paintings by Masters: A Timeless Collection of Indian Artworks})"
"(:Blog {path: /blogs/posts/weaves-of-india, title: Weaves of India})",[:RELATED_COLLECTION {overlap: 3}],"(:Collection {path: /collections/manoranjan-chitrakar, title: Manoranjan Chitrakar})"
"(:Blog {path: /blogs/posts/tholu-bommalata-the-puppeteers-of-andhra-pradesh, title: Tholu Bommalata - The Puppeteers of Andhra Pradesh})",[:RELATED_COLLECTION {overlap: 3}],"(:Collection {path: /collections/manoranjan-chitrakar, title: Manoranjan Chitrakar})"
"(:Blog {path: /blogs/posts/the-process-of-kalamkari-explained, title: The Process of Kalamkari Explained})",[:RELATED_COLLECTION {overlap: 4}],"(:Collection {path: /collections/kalamkari, title: Kalamkari Handmade Paintings and Art Collection})"
"(:Blog {path: /blogs/posts/aipan-art-the-uttaranchal-legacy, title: Aipan Art: A Treasured Legacy of Uttarakhand})",[:RELATED_COLLECTION {overlap: 3}],"(:Collection {path: /collections/kalamkari, title: Kalamkari Handmade Paintings and Art Collection})"
"(:Blog {path: /blogs/posts/famous-kalamkari-paintings-and-artists, title: Famous Kalamkari Paintings and Artists})",[:RELATED_COLLECTION {overlap: 5}],"(:Collection {path: /collections/kalamkari, title: Kalamkari Handmade Paintings and Art Collection})"
"(:Blog {path: /blogs/posts/machilipatnam-kalamkari-the-timeless-art-of-block-printing, title: Machilipatnam Kalamkari: The Timeless Art of Block Printing})",[:RELATED_COLLECTION {overlap: 4}],"(:Collection {path: /collections/kalamkari, title: Kalamkari Handmade Paintings and Art Collection})"
"(:Blog {path: /blogs/posts/development-of-indian-miniature-paintings-of-the-rajput-style, title: Development of Indian miniature paintings of the Rajput style})",[:RELATED_COLLECTION {overlap: 4}],"(:Collection {path: /collections/kalamkari, title: Kalamkari Handmade Paintings and Art Collection})"
"(:Blog {path: /blogs/posts/exploring-the-different-styles-of-kalamkari-art, title: Exploring the Different Styles of Kalamkari Art})",[:RELATED_COLLECTION {overlap: 4}],"(:Collection {path: /collections/kalamkari, title: Kalamkari Handmade Paintings and Art Collection})"
"(:Blog {path: /blogs/posts/themes-and-symbolism-in-kalamkari-art-a-cultural-and-historical-perspective, title: Themes and Symbolism in Kalamkari Art: A Cultural and Historical Perspective})",[:RELATED_COLLECTION {overlap: 7}],"(:Collection {path: /collections/kalamkari, title: Kalamkari Handmade Paintings and Art Collection})"
"(:Blog {path: /blogs/posts/kalamkari-timeless-artform-of-ancient-india, title: Kalamkari- Timeless artform of ancient India})",[:RELATED_COLLECTION {overlap: 3}],"(:Collection {path: /collections/kalamkari, title: Kalamkari Handmade Paintings and Art Collection})"
"(:Blog {path: /blogs/posts/wedding-gift-ideas-inspired-by-traditional-indian-art, title: Wedding Gift Ideas Inspired by Traditional Indian Art})",[:RELATED_COLLECTION {overlap: 4}],"(:Collection {path: /collections/kalamkari, title: Kalamkari Handmade Paintings and Art Collection})"
"(:Blog {path: /blogs/posts/art-of-mysore-ganjifa-traditional-card-game-of-india, title: Art of Mysore Ganjifa: Traditional Card Game of India})",[:RELATED_COLLECTION {overlap: 3}],"(:Collection {path: /collections/kalamkari, title: Kalamkari Handmade Paintings and Art Collection})"
"(:Blog {path: /blogs/posts/storytelling-in-tribal-and-folk-art-forms, title: Storytelling in Tribal and Folk Art Forms})",[:RELATED_COLLECTION {overlap: 4}],"(:Collection {path: /collections/kalamkari, title: Kalamkari Handmade Paintings and Art Collection})"
"(:Blog {path: /blogs/posts/paitkar-paintings-storytelling-through-scrolls, title: Paitkar Paintings, storytelling through scrolls})",[:RELATED_COLLECTION {overlap: 3}],"(:Collection {path: /collections/kalamkari, title: Kalamkari Handmade Paintings and Art Collection})"
"(:Blog {path: /blogs/posts/decoding-the-hidden-symbolism-in-chamba-rumal-embroidery, title: Decoding the Hidden Symbolism in Chamba Rumal Embroidery})",[:RELATED_COLLECTION {overlap: 3}],"(:Collection {path: /collections/kalamkari, title: Kalamkari Handmade Paintings and Art Collection})"
"(:Blog {path: /blogs/posts/the-pioneering-women-artists-of-bhil-art, title: The Pioneering Women of Bhil Art})",[:RELATED_COLLECTION {overlap: 6}],"(:Collection {path: /collections/kalamkari, title: Kalamkari Handmade Paintings and Art Collection})"
"(:Blog {path: /blogs/posts/kalamkari-craftsmanship-with-bamboo-pens, title: Kalamkari, craftsmanship with bamboo pens})",[:RELATED_COLLECTION {overlap: 3}],"(:Collection {path: /collections/kalamkari, title: Kalamkari Handmade Paintings and Art Collection})"
"(:Blog {path: /blogs/posts/pichwai-as-a-timeless-investment-the-art-collectors-guide, title: Pichwai as a Timeless Investment–The Art Collectors’ Guide})",[:RELATED_COLLECTION {overlap: 5}],"(:Collection {path: /collections/pichwai, title: Authentic Pichwai Paintings from Nathdwara, Rajasthan for Home Décor})"
"(:Blog {path: /blogs/posts/nathdwara-the-city-of-lord-krishna, title: Nathdwara: The City of Lord Krishna})",[:RELATED_COLLECTION {overlap: 3}],"(:Collection {path: /collections/pichwai, title: Authentic Pichwai Paintings from Nathdwara, Rajasthan for Home Décor})"
"(:Blog {path: /blogs/posts/the-evolution-of-thanjavur-paintings-a-cultural-synthesis-of-indian-art-and-heritage, title: The Evolution of Thanjavur Paintings: Unraveling the Influences that Shaped Them})",[:RELATED_COLLECTION {overlap: 3}],"(:Collection {path: /collections/pichwai, title: Authentic Pichwai Paintings from Nathdwara, Rajasthan for Home Décor})"
"(:Blog {path: /blogs/posts/the-art-of-home-decor-why-you-should-embrace-pichwai-art, title: The Art of Home Decor: Why you should embrace Pichwai Art})",[:RELATED_COLLECTION {overlap: 3}],"(:Collection {path: /collections/pichwai, title: Authentic Pichwai Paintings from Nathdwara, Rajasthan for Home Décor})"
"(:Blog {path: /blogs/posts/shreenathji-temple-architecture-first-impressions, title: Shreenathji Temple Architecture: First Impressions})",[:RELATED_COLLECTION {overlap: 3}],"(:Collection {path: /collections/pichwai, title: Authentic Pichwai Paintings from Nathdwara, Rajasthan for Home Décor})"
"(:Blog {path: /blogs/posts/exploring-pichwai-art-a-traditional-artistic-legacy-of-rajasthan, title: Exploring Pichwai Art : A Traditional Artistic Legacy of Rajasthan})",[:RELATED_COLLECTION {overlap: 4}],"(:Collection {path: /collections/pichwai, title: Authentic Pichwai Paintings from Nathdwara, Rajasthan for Home Décor})"
"(:Blog {path: /blogs/art-guides/how-to-pick-your-first-traditional-indian-artwork, title: How to Pick Your First Traditional Indian Artwork})",[:RELATED_COLLECTION {overlap: 3}],"(:Collection {path: /collections/pichwai, title: Authentic Pichwai Paintings from Nathdwara, Rajasthan for Home Décor})"
"(:Blog {path: /blogs/posts/warli-art-tribal-art-of-india, title: Warli Art- Tribal Art of India})",[:RELATED_COLLECTION {overlap: 5}],"(:Collection {path: /collections/madhubani, title: Madhubani Art & Madhubani Paintings for Home and Office Decor})"
"(:Blog {path: /blogs/posts/the-evolution-of-motifs-from-ancient-symbols-to-modern-interpretation-in-indian-art, title: The Evolution of Motifs: From Ancient Symbols to Modern Interpretation in Indian Art})",[:RELATED_COLLECTION {overlap: 3}],"(:Collection {path: /collections/madhubani, title: Madhubani Art & Madhubani Paintings for Home and Office Decor})"
"(:Blog {path: /blogs/posts/understanding-the-symbolism-of-motifs-in-madhubani-art, title: Understanding the Symbolism of Motifs in Madhubani Art})",[:RELATED_COLLECTION {overlap: 4}],"(:Collection {path: /collections/madhubani, title: Madhubani Art & Madhubani Paintings for Home and Office Decor})"
"(:Blog {path: /blogs/posts/the-tales-of-lord-krishna-stories-for-kids, title: The Tales of Lord Krishna: Stories for Kids})",[:RELATED_COLLECTION {overlap: 3}],"(:Collection {path: /collections/madhubani, title: Madhubani Art & Madhubani Paintings for Home and Office Decor})"
"(:Blog {path: /blogs/posts/madhubani-paintings-an-enduring-legacy-of-mithila, title: MADHUBANI PAINTINGS: AN ENDURING LEGACY OF MITHILA})",[:RELATED_COLLECTION {overlap: 7}],"(:Collection {path: /collections/madhubani, title: Madhubani Art & Madhubani Paintings for Home and Office Decor})"
"(:Blog {path: /blogs/posts/motifs-and-math-geometric-shapes-in-warli-art, title: Motifs and Math: Geometric Shapes in Warli Art})",[:RELATED_COLLECTION {overlap: 4}],"(:Collection {path: /collections/madhubani, title: Madhubani Art & Madhubani Paintings for Home and Office Decor})"
"(:Blog {path: /blogs/posts/themes-and-symbolism-in-kalamkari-art-a-cultural-and-historical-perspective, title: Themes and Symbolism in Kalamkari Art: A Cultural and Historical Perspective})",[:RELATED_COLLECTION {overlap: 3}],"(:Collection {path: /collections/madhubani, title: Madhubani Art & Madhubani Paintings for Home and Office Decor})"
"(:Blog {path: /blogs/posts/symbolism-in-indian-tribal-art-forms, title: Symbolism In Indian Tribal Art Forms})",[:RELATED_COLLECTION {overlap: 3}],"(:Collection {path: /collections/madhubani, title: Madhubani Art & Madhubani Paintings for Home and Office Decor})"
"(:Blog {path: /blogs/posts/get-your-diy-on-5-indian-crafts-to-cure-boredom, title: Get Your DIY On: 5 Indian Crafts to Cure Boredom})",[:RELATED_COLLECTION {overlap: 3}],"(:Collection {path: /collections/madhubani, title: Madhubani Art & Madhubani Paintings for Home and Office Decor})"
"(:Blog {path: /blogs/posts/wedding-gift-ideas-inspired-by-traditional-indian-art, title: Wedding Gift Ideas Inspired by Traditional Indian Art})",[:RELATED_COLLECTION {overlap: 7}],"(:Collection {path: /collections/madhubani, title: Madhubani Art & Madhubani Paintings for Home and Office Decor})"
"(:Blog {path: /blogs/posts/a-traveller-s-guide-to-ayodhya, title: A traveller’s guide to Ayodhya})",[:RELATED_COLLECTION {overlap: 3}],"(:Collection {path: /collections/madhubani, title: Madhubani Art & Madhubani Paintings for Home and Office Decor})"
"(:Blog {path: /blogs/posts/art-of-mysore-ganjifa-traditional-card-game-of-india, title: Art of Mysore Ganjifa: Traditional Card Game of India})",[:RELATED_COLLECTION {overlap: 4}],"(:Collection {path: /collections/madhubani, title: Madhubani Art & Madhubani Paintings for Home and Office Decor})"
"(:Blog {path: /blogs/posts/bhil-art, title: Bhil Art- Uniqueness in Simplicity.})",[:RELATED_COLLECTION {overlap: 3}],"(:Collection {path: /collections/madhubani, title: Madhubani Art & Madhubani Paintings for Home and Office Decor})"
"(:Blog {path: /blogs/posts/the-art-of-kantha, title: The Art of Kantha})",[:RELATED_COLLECTION {overlap: 3}],"(:Collection {path: /collections/madhubani, title: Madhubani Art & Madhubani Paintings for Home and Office Decor})"
"(:Blog {path: /blogs/posts/the-pioneering-women-artists-of-bhil-art, title: The Pioneering Women of Bhil Art})",[:RELATED_COLLECTION {overlap: 4}],"(:Collection {path: /collections/madhubani, title: Madhubani Art & Madhubani Paintings for Home and Office Decor})"
"(:Blog {path: /blogs/posts/the-different-forms-of-floor-paintings, title: The Different Forms of Floor Paintings in South Asia})",[:RELATED_COLLECTION {overlap: 3}],"(:Collection {path: /collections/madhubani, title: Madhubani Art & Madhubani Paintings for Home and Office Decor})"
"(:Blog {path: /blogs/posts/celebrating-shiv-parvati-a-journey-through-indian-art-traditions, title: Celebrating Shiv-Parvati: A Journey Through Indian Art Traditions})",[:RELATED_COLLECTION {overlap: 4}],"(:Collection {path: /collections/madhubani, title: Madhubani Art & Madhubani Paintings for Home and Office Decor})"
"(:Blog {path: /blogs/posts/how-to-start-a-personal-collection-of-indian-folk-paintings, title: How to Start a Personal Collection of Indian Folk Paintings})",[:RELATED_COLLECTION {overlap: 3}],"(:Collection {path: /collections/madhubani, title: Madhubani Art & Madhubani Paintings for Home and Office Decor})"
"(:Blog {path: /blogs/posts/block-printing-the-rarity-of-fabrics-made-by-hand, title: Block Printing: The Rarity of Fabrics Made by Hand})",[:RELATED_COLLECTION {overlap: 3}],"(:Collection {path: /collections/artwork-of-rajasthan, title: Artwork of Rajasthan})"
"(:Blog {path: /blogs/posts/the-city-of-barmer-all-you-need-to-know, title: The City of Barmer: All You Need To Know})",[:RELATED_COLLECTION {overlap: 3}],"(:Collection {path: /collections/artwork-of-rajasthan, title: Artwork of Rajasthan})"
"(:Blog {path: /blogs/posts/madhubani-paintings-an-enduring-legacy-of-mithila, title: MADHUBANI PAINTINGS: AN ENDURING LEGACY OF MITHILA})",[:RELATED_COLLECTION {overlap: 3}],"(:Collection {path: /collections/artwork-of-rajasthan, title: Artwork of Rajasthan})"
"(:Blog {path: /blogs/posts/floor-paintings-of-india, title: FLOOR PAINTINGS OF INDIA})",[:RELATED_COLLECTION {overlap: 3}],"(:Collection {path: /collections/artwork-of-rajasthan, title: Artwork of Rajasthan})"
"(:Blog {path: /blogs/posts/the-art-of-kantha, title: The Art of Kantha})",[:RELATED_COLLECTION {overlap: 3}],"(:Collection {path: /collections/artwork-of-west-bengal, title: Original folk art of West Bengal})"
"(:Blog {path: /blogs/posts/kathaa-2021-stories-from-india-on-hong-kong-walls-second-edition, title: KATHAA 2021 - Stories from India on Hong Kong Walls, second edition})",[:RELATED_COLLECTION {overlap: 3}],"(:Collection {path: /collections/masterpieces-handpainted-by-master-artists-across-india, title: Masterpieces, handpainted by Master Artists across India})"
"(:Blog {path: /blogs/posts/mughal-miniatures, title: Mughal Miniatures})",[:RELATED_COLLECTION {overlap: 3}],"(:Collection {path: /collections/masterpieces-handpainted-by-master-artists-across-india, title: Masterpieces, handpainted by Master Artists across India})"
"(:Blog {path: /blogs/posts/gustav-klimt-and-the-echoes-of-indian-folk-tribal-arts-a-dialogue-across-time, title: Gustav Klimt and the Echoes of Indian Folk & Tribal Arts: A Dialogue Across Time})",[:RELATED_COLLECTION {overlap: 3}],"(:Collection {path: /collections/masterpieces-handpainted-by-master-artists-across-india, title: Masterpieces, handpainted by Master Artists across India})"
"(:Blog {path: /blogs/posts/krishna-s-wisdom-on-love-best-quotes-and-their-artistic-echoes, title: Krishna’s Wisdom on Love: Best Quotes and Their Artistic Echoes})",[:RELATED_COLLECTION {overlap: 3}],"(:Collection {path: /collections/kerala-mural, title: Kerala Mural Paintings})"
"(:Blog {path: /blogs/posts/vahanas-and-their-meaning-divine-mounts-in-indian-art-forms, title: Vahanas and Their Meaning: Divine Mounts in Indian Art Forms})",[:RELATED_COLLECTION {overlap: 3}],"(:Collection {path: /collections/kerala-mural, title: Kerala Mural Paintings})"
"(:Blog {path: /blogs/posts/blossoming-across-traditions-flowers-in-indian-art, title: Blossoming Across Traditions: Flowers in Indian Art})",[:RELATED_COLLECTION {overlap: 3}],"(:Collection {path: /collections/kerala-mural, title: Kerala Mural Paintings})"
"(:Blog {path: /blogs/posts/art-of-mysore-ganjifa-traditional-card-game-of-india, title: Art of Mysore Ganjifa: Traditional Card Game of India})",[:RELATED_COLLECTION {overlap: 3}],"(:Collection {path: /collections/kerala-mural, title: Kerala Mural Paintings})"
"(:Blog {path: /blogs/posts/the-evolution-of-motifs-from-ancient-symbols-to-modern-interpretation-in-indian-art, title: The Evolution of Motifs: From Ancient Symbols to Modern Interpretation in Indian Art})",[:RELATED_COLLECTION {overlap: 5}],"(:Collection {path: /collections/artwork-of-tamil-nadu, title: Traditional Artwork of Tamil Nadu})"
"(:Blog {path: /blogs/posts/brihadisvara-temple-unmasking-the-dual-murals-and-their-time-traversing-essence, title: Brihadisvara Temple: Unmasking the Dual Murals and their Time-Traversing Essence})",[:RELATED_COLLECTION {overlap: 3}],"(:Collection {path: /collections/artwork-of-tamil-nadu, title: Traditional Artwork of Tamil Nadu})"
"(:Blog {path: /blogs/posts/development-of-indian-miniature-paintings-of-the-rajput-style, title: Development of Indian miniature paintings of the Rajput style})",[:RELATED_COLLECTION {overlap: 3}],"(:Collection {path: /collections/artwork-of-tamil-nadu, title: Traditional Artwork of Tamil Nadu})"
"(:Blog {path: /blogs/posts/exploring-the-different-styles-of-kalamkari-art, title: Exploring the Different Styles of Kalamkari Art})",[:RELATED_COLLECTION {overlap: 3}],"(:Collection {path: /collections/artwork-of-tamil-nadu, title: Traditional Artwork of Tamil Nadu})"
"(:Blog {path: /blogs/posts/the-tales-of-lord-krishna-stories-for-kids, title: The Tales of Lord Krishna: Stories for Kids})",[:RELATED_COLLECTION {overlap: 3}],"(:Collection {path: /collections/artwork-of-tamil-nadu, title: Traditional Artwork of Tamil Nadu})"
"(:Blog {path: /blogs/posts/blossoming-across-traditions-flowers-in-indian-art, title: Blossoming Across Traditions: Flowers in Indian Art})",[:RELATED_COLLECTION {overlap: 3}],"(:Collection {path: /collections/artwork-of-tamil-nadu, title: Traditional Artwork of Tamil Nadu})"
"(:Blog {path: /blogs/posts/get-your-diy-on-5-indian-crafts-to-cure-boredom, title: Get Your DIY On: 5 Indian Crafts to Cure Boredom})",[:RELATED_COLLECTION {overlap: 4}],"(:Collection {path: /collections/artwork-of-tamil-nadu, title: Traditional Artwork of Tamil Nadu})"
"(:Blog {path: /blogs/posts/wedding-gift-ideas-inspired-by-traditional-indian-art, title: Wedding Gift Ideas Inspired by Traditional Indian Art})",[:RELATED_COLLECTION {overlap: 3}],"(:Collection {path: /collections/artwork-of-tamil-nadu, title: Traditional Artwork of Tamil Nadu})"
"(:Blog {path: /blogs/posts/themes-and-motifs-of-thanjavur-art, title: Themes and Motifs of Thanjavur Art})",[:RELATED_COLLECTION {overlap: 3}],"(:Collection {path: /collections/artwork-of-tamil-nadu, title: Traditional Artwork of Tamil Nadu})"
"(:Blog {path: /blogs/posts/a-traveller-s-guide-to-ayodhya, title: A traveller’s guide to Ayodhya})",[:RELATED_COLLECTION {overlap: 3}],"(:Collection {path: /collections/artwork-of-tamil-nadu, title: Traditional Artwork of Tamil Nadu})"
"(:Blog {path: /blogs/posts/art-of-mysore-ganjifa-traditional-card-game-of-india, title: Art of Mysore Ganjifa: Traditional Card Game of India})",[:RELATED_COLLECTION {overlap: 5}],"(:Collection {path: /collections/artwork-of-tamil-nadu, title: Traditional Artwork of Tamil Nadu})"
"(:Blog {path: /blogs/posts/the-pioneering-women-artists-of-bhil-art, title: The Pioneering Women of Bhil Art})",[:RELATED_COLLECTION {overlap: 6}],"(:Collection {path: /collections/artwork-of-tamil-nadu, title: Traditional Artwork of Tamil Nadu})"
"(:Blog {path: /blogs/posts/chitrakathi-storytelling-tradition-of-india, title: Chitrakathi Storytelling Tradition of India})",[:RELATED_COLLECTION {overlap: 3}],"(:Collection {path: /collections/artwork-of-tamil-nadu, title: Traditional Artwork of Tamil Nadu})"
"(:Blog {path: /blogs/posts/celebrating-shiv-parvati-a-journey-through-indian-art-traditions, title: Celebrating Shiv-Parvati: A Journey Through Indian Art Traditions})",[:RELATED_COLLECTION {overlap: 3}],"(:Collection {path: /collections/artwork-of-tamil-nadu, title: Traditional Artwork of Tamil Nadu})"
"(:Blog {path: /blogs/posts/tanjore-paintings-a-beautiful-amalgamation-of-art-and-craft, title: Tanjore paintings, a beautiful amalgamation of art and craft})",[:RELATED_COLLECTION {overlap: 3}],"(:Collection {path: /collections/artwork-of-tamil-nadu, title: Traditional Artwork of Tamil Nadu})"
"(:Blog {path: /blogs/posts/block-printing-the-rarity-of-fabrics-made-by-hand, title: Block Printing: The Rarity of Fabrics Made by Hand})",[:RELATED_COLLECTION {overlap: 3}],"(:Collection {path: /collections/lippan-kaam, title: Lippan Art: The Traditional Mud and Mirror Work of Kutch})"
"(:Blog {path: /blogs/posts/indian-blue-pottery, title: Indian Blue Pottery})",[:RELATED_COLLECTION {overlap: 3}],"(:Collection {path: /collections/lippan-kaam, title: Lippan Art: The Traditional Mud and Mirror Work of Kutch})"
"(:Blog {path: /blogs/posts/shiva-and-parvati-symbol-of-love-and-devotion-and-power, title: Shiva and Parvati : Symbol of love and devotion and power})",[:RELATED_COLLECTION {overlap: 10}],"(:Collection {path: /collections/shiv-and-parvati-paintings, title: Shiv and Parvati Paintings, Lord Shiva Paintings & Artworks})"
"(:Blog {path: /blogs/posts/portrayal-of-christianity-in-traditional-indian-artforms, title: Portrayal of Christianity in Traditional Indian Artforms})",[:RELATED_COLLECTION {overlap: 4}],"(:Collection {path: /collections/shiv-and-parvati-paintings, title: Shiv and Parvati Paintings, Lord Shiva Paintings & Artworks})"
"(:Blog {path: /blogs/posts/kashmiri-papier-mache-the-story-of-an-exceptional-art, title: Kashmiri Papier Mache: The Story of an Exceptional Art})",[:RELATED_COLLECTION {overlap: 4}],"(:Collection {path: /collections/shiv-and-parvati-paintings, title: Shiv and Parvati Paintings, Lord Shiva Paintings & Artworks})"
"(:Blog {path: /blogs/posts/kalighat-paintings-the-satirical-pop-art-of-19th-century-kolkata, title: Kalighat Paintings: The Satirical Pop Art of 19th-century Kolkata})",[:RELATED_COLLECTION {overlap: 3}],"(:Collection {path: /collections/shiv-and-parvati-paintings, title: Shiv and Parvati Paintings, Lord Shiva Paintings & Artworks})"
"(:Blog {path: /blogs/posts/celebrating-shiv-parvati-a-journey-through-indian-art-traditions, title: Celebrating Shiv-Parvati: A Journey Through Indian Art Traditions})",[:RELATED_COLLECTION {overlap: 3}],"(:Collection {path: /collections/shiv-and-parvati-paintings, title: Shiv and Parvati Paintings, Lord Shiva Paintings & Artworks})"
"(:Blog {path: /blogs/posts/15-inspiring-lakshmi-and-ganesha-painting-ideas-for-diwali, title: 15 inspiring Lakshmi and Ganesha painting ideas for Diwali})",[:RELATED_COLLECTION {overlap: 3}],"(:Collection {path: /collections/tanjore, title: Tanjore Artwork})"
"(:Blog {path: /blogs/posts/the-evolution-of-motifs-from-ancient-symbols-to-modern-interpretation-in-indian-art, title: The Evolution of Motifs: From Ancient Symbols to Modern Interpretation in Indian Art})",[:RELATED_COLLECTION {overlap: 4}],"(:Collection {path: /collections/tanjore, title: Tanjore Artwork})"
"(:Blog {path: /blogs/posts/iconography-of-skanda-or-kartikeya, title: Iconography of Skanda or Kartikeya})",[:RELATED_COLLECTION {overlap: 3}],"(:Collection {path: /collections/tanjore, title: Tanjore Artwork})"
"(:Blog {path: /blogs/posts/brihadisvara-temple-unmasking-the-dual-murals-and-their-time-traversing-essence, title: Brihadisvara Temple: Unmasking the Dual Murals and their Time-Traversing Essence})",[:RELATED_COLLECTION {overlap: 3}],"(:Collection {path: /collections/tanjore, title: Tanjore Artwork})"
"(:Blog {path: /blogs/posts/development-of-indian-miniature-paintings-of-the-rajput-style, title: Development of Indian miniature paintings of the Rajput style})",[:RELATED_COLLECTION {overlap: 5}],"(:Collection {path: /collections/tanjore, title: Tanjore Artwork})"
"(:Blog {path: /blogs/posts/exploring-the-different-styles-of-kalamkari-art, title: Exploring the Different Styles of Kalamkari Art})",[:RELATED_COLLECTION {overlap: 4}],"(:Collection {path: /collections/tanjore, title: Tanjore Artwork})"
"(:Blog {path: /blogs/posts/portrayal-of-christianity-in-traditional-indian-artforms, title: Portrayal of Christianity in Traditional Indian Artforms})",[:RELATED_COLLECTION {overlap: 3}],"(:Collection {path: /collections/tanjore, title: Tanjore Artwork})"
"(:Blog {path: /blogs/posts/get-your-diy-on-5-indian-crafts-to-cure-boredom, title: Get Your DIY On: 5 Indian Crafts to Cure Boredom})",[:RELATED_COLLECTION {overlap: 3}],"(:Collection {path: /collections/tanjore, title: Tanjore Artwork})"
"(:Blog {path: /blogs/posts/wedding-gift-ideas-inspired-by-traditional-indian-art, title: Wedding Gift Ideas Inspired by Traditional Indian Art})",[:RELATED_COLLECTION {overlap: 3}],"(:Collection {path: /collections/tanjore, title: Tanjore Artwork})"
"(:Blog {path: /blogs/posts/themes-and-motifs-of-thanjavur-art, title: Themes and Motifs of Thanjavur Art})",[:RELATED_COLLECTION {overlap: 3}],"(:Collection {path: /collections/tanjore, title: Tanjore Artwork})"
"(:Blog {path: /blogs/posts/a-comparative-study-of-mysore-and-tanjore-paintings, title: A Comparative Study of Mysore and Tanjore Paintings})",[:RELATED_COLLECTION {overlap: 3}],"(:Collection {path: /collections/tanjore, title: Tanjore Artwork})"
"(:Blog {path: /blogs/posts/a-traveller-s-guide-to-ayodhya, title: A traveller’s guide to Ayodhya})",[:RELATED_COLLECTION {overlap: 3}],"(:Collection {path: /collections/tanjore, title: Tanjore Artwork})"
"(:Blog {path: /blogs/posts/art-of-mysore-ganjifa-traditional-card-game-of-india, title: Art of Mysore Ganjifa: Traditional Card Game of India})",[:RELATED_COLLECTION {overlap: 6}],"(:Collection {path: /collections/tanjore, title: Tanjore Artwork})"
"(:Blog {path: /blogs/posts/the-pioneering-women-artists-of-bhil-art, title: The Pioneering Women of Bhil Art})",[:RELATED_COLLECTION {overlap: 5}],"(:Collection {path: /collections/tanjore, title: Tanjore Artwork})"
"(:Blog {path: /blogs/posts/chitrakathi-storytelling-tradition-of-india, title: Chitrakathi Storytelling Tradition of India})",[:RELATED_COLLECTION {overlap: 3}],"(:Collection {path: /collections/tanjore, title: Tanjore Artwork})"
"(:Blog {path: /blogs/posts/celebrating-shiv-parvati-a-journey-through-indian-art-traditions, title: Celebrating Shiv-Parvati: A Journey Through Indian Art Traditions})",[:RELATED_COLLECTION {overlap: 4}],"(:Collection {path: /collections/tanjore, title: Tanjore Artwork})"
"(:Blog {path: /blogs/posts/block-printing-the-rarity-of-fabrics-made-by-hand, title: Block Printing: The Rarity of Fabrics Made by Hand})",[:RELATED_COLLECTION {overlap: 3}],"(:Collection {path: /collections/vidya-soni, title: Vidya Soni})"
"(:Blog {path: /blogs/posts/creating-a-folk-feature-wall-gond-art, title: Creating a Folk Feature Wall: Gond Art})",[:RELATED_COLLECTION {overlap: 3}],"(:Collection {path: /collections/vidya-soni, title: Vidya Soni})"
"(:Blog {path: /blogs/posts/gond-art-residing-in-the-heart-of-india, title: Gond Art Residing in the Heart of India})",[:RELATED_COLLECTION {overlap: 5}],"(:Collection {path: /collections/vidya-soni, title: Vidya Soni})"
"(:Blog {path: /blogs/posts/mapping-indias-folk-music-styles, title: India's Folk Music Styles: A Map})",[:RELATED_COLLECTION {overlap: 4}],"(:Collection {path: /collections/vidya-soni, title: Vidya Soni})"
"(:Blog {path: /blogs/posts/arts-and-crafts-of-chhattisgarh, title: Arts and Crafts of Chhattisgarh})",[:RELATED_COLLECTION {overlap: 3}],"(:Collection {path: /collections/vidya-soni, title: Vidya Soni})"
"(:Blog {path: /blogs/posts/the-gond-community-an-overview, title: The Gond Community: An Overview})",[:RELATED_COLLECTION {overlap: 4}],"(:Collection {path: /collections/vidya-soni, title: Vidya Soni})"
"(:Blog {path: /blogs/posts/majuli-mask-painting, title: Majuli Mask Painting})",[:RELATED_COLLECTION {overlap: 3}],"(:Collection {path: /collections/vidya-soni, title: Vidya Soni})"
"(:Blog {path: /blogs/posts/bhil-art, title: Bhil Art- Uniqueness in Simplicity.})",[:RELATED_COLLECTION {overlap: 4}],"(:Collection {path: /collections/vidya-soni, title: Vidya Soni})"
"(:Blog {path: /blogs/posts/signature-patterns-in-gond-art, title: Signature Patterns in Gond Art})",[:RELATED_COLLECTION {overlap: 4}],"(:Collection {path: /collections/vidya-soni, title: Vidya Soni})"
"(:Blog {path: /blogs/posts/patangarh-unveiling-the-riches-of-a-timeless-village, title: Patangarh: Unveiling the Riches of a Timeless Village})",[:RELATED_COLLECTION {overlap: 4}],"(:Collection {path: /collections/vidya-soni, title: Vidya Soni})"
"(:Blog {path: /blogs/posts/the-evolution-of-gond-painting-from-walls-to-paper, title: The Evolution of Gond Painting From Walls to Paper})",[:RELATED_COLLECTION {overlap: 4}],"(:Collection {path: /collections/vidya-soni, title: Vidya Soni})"
"(:Blog {path: /blogs/posts/why-tribal-art-matters, title: Why Tribal Art Matters})",[:RELATED_COLLECTION {overlap: 3}],"(:Collection {path: /collections/vidya-soni, title: Vidya Soni})"
"(:Blog {path: /blogs/posts/how-to-start-a-personal-collection-of-indian-folk-paintings, title: How to Start a Personal Collection of Indian Folk Paintings})",[:RELATED_COLLECTION {overlap: 3}],"(:Collection {path: /collections/vidya-soni, title: Vidya Soni})"
"(:Blog {path: /blogs/posts/decor-ideas-for-infusing-your-childrens-room-with-indigenous-art-and-10-ways-this-will-help-them, title: Decor ideas for infusing your children's room with indigenous art and 10 ways this will help them!})",[:RELATED_COLLECTION {overlap: 4}],"(:Collection {path: /collections/vidya-soni, title: Vidya Soni})"
"(:Blog {path: /blogs/posts/creating-a-folk-feature-wall-gond-art, title: Creating a Folk Feature Wall: Gond Art})",[:RELATED_COLLECTION {overlap: 4}],"(:Collection {path: /collections/warli-paintings, title: Warli Paintings and Art Collection})"
"(:Blog {path: /blogs/posts/weaves-of-india, title: Weaves of India})",[:RELATED_COLLECTION {overlap: 3}],"(:Collection {path: /collections/warli-paintings, title: Warli Paintings and Art Collection})"
"(:Blog {path: /blogs/posts/mapping-indias-folk-music-styles, title: India's Folk Music Styles: A Map})",[:RELATED_COLLECTION {overlap: 4}],"(:Collection {path: /collections/warli-paintings, title: Warli Paintings and Art Collection})"
"(:Blog {path: /blogs/posts/traversing-india-s-folk-and-tribal-legacies, title: Traversing India’s Folk and Tribal Legacies})",[:RELATED_COLLECTION {overlap: 3}],"(:Collection {path: /collections/warli-paintings, title: Warli Paintings and Art Collection})"
"(:Blog {path: /blogs/posts/decor-ideas-for-infusing-your-childrens-room-with-indigenous-art-and-10-ways-this-will-help-them, title: Decor ideas for infusing your children's room with indigenous art and 10 ways this will help them!})",[:RELATED_COLLECTION {overlap: 3}],"(:Collection {path: /collections/warli-paintings, title: Warli Paintings and Art Collection})"
"(:Blog {path: /blogs/posts/the-evolution-of-motifs-from-ancient-symbols-to-modern-interpretation-in-indian-art, title: The Evolution of Motifs: From Ancient Symbols to Modern Interpretation in Indian Art})",[:RELATED_COLLECTION {overlap: 3}],"(:Collection {path: /collections/artwork-of-odisha, title: Traditional Art of Odisha})"
"(:Blog {path: /blogs/posts/weaves-of-india, title: Weaves of India})",[:RELATED_COLLECTION {overlap: 4}],"(:Collection {path: /collections/artwork-of-odisha, title: Traditional Art of Odisha})"
"(:Blog {path: /blogs/posts/the-process-of-kalamkari-explained, title: The Process of Kalamkari Explained})",[:RELATED_COLLECTION {overlap: 3}],"(:Collection {path: /collections/artwork-of-odisha, title: Traditional Art of Odisha})"
"(:Blog {path: /blogs/posts/famous-kalamkari-paintings-and-artists, title: Famous Kalamkari Paintings and Artists})",[:RELATED_COLLECTION {overlap: 4}],"(:Collection {path: /collections/artwork-of-odisha, title: Traditional Art of Odisha})"
"(:Blog {path: /blogs/posts/machilipatnam-kalamkari-the-timeless-art-of-block-printing, title: Machilipatnam Kalamkari: The Timeless Art of Block Printing})",[:RELATED_COLLECTION {overlap: 3}],"(:Collection {path: /collections/artwork-of-odisha, title: Traditional Art of Odisha})"
"(:Blog {path: /blogs/posts/exploring-the-different-styles-of-kalamkari-art, title: Exploring the Different Styles of Kalamkari Art})",[:RELATED_COLLECTION {overlap: 3}],"(:Collection {path: /collections/artwork-of-odisha, title: Traditional Art of Odisha})"
"(:Blog {path: /blogs/posts/themes-and-symbolism-in-kalamkari-art-a-cultural-and-historical-perspective, title: Themes and Symbolism in Kalamkari Art: A Cultural and Historical Perspective})",[:RELATED_COLLECTION {overlap: 5}],"(:Collection {path: /collections/artwork-of-odisha, title: Traditional Art of Odisha})"
"(:Blog {path: /blogs/posts/get-your-diy-on-5-indian-crafts-to-cure-boredom, title: Get Your DIY On: 5 Indian Crafts to Cure Boredom})",[:RELATED_COLLECTION {overlap: 3}],"(:Collection {path: /collections/artwork-of-odisha, title: Traditional Art of Odisha})"
"(:Blog {path: /blogs/posts/wedding-gift-ideas-inspired-by-traditional-indian-art, title: Wedding Gift Ideas Inspired by Traditional Indian Art})",[:RELATED_COLLECTION {overlap: 3}],"(:Collection {path: /collections/artwork-of-odisha, title: Traditional Art of Odisha})"
"(:Blog {path: /blogs/posts/a-traveller-s-guide-to-ayodhya, title: A traveller’s guide to Ayodhya})",[:RELATED_COLLECTION {overlap: 3}],"(:Collection {path: /collections/artwork-of-odisha, title: Traditional Art of Odisha})"
"(:Blog {path: /blogs/posts/art-of-mysore-ganjifa-traditional-card-game-of-india, title: Art of Mysore Ganjifa: Traditional Card Game of India})",[:RELATED_COLLECTION {overlap: 3}],"(:Collection {path: /collections/artwork-of-odisha, title: Traditional Art of Odisha})"
"(:Blog {path: /blogs/posts/the-pioneering-women-artists-of-bhil-art, title: The Pioneering Women of Bhil Art})",[:RELATED_COLLECTION {overlap: 4}],"(:Collection {path: /collections/artwork-of-odisha, title: Traditional Art of Odisha})"
"(:Blog {path: /blogs/posts/celebrating-shiv-parvati-a-journey-through-indian-art-traditions, title: Celebrating Shiv-Parvati: A Journey Through Indian Art Traditions})",[:RELATED_COLLECTION {overlap: 3}],"(:Collection {path: /collections/artwork-of-odisha, title: Traditional Art of Odisha})"
"(:Blog {path: /blogs/posts/block-printing-the-rarity-of-fabrics-made-by-hand, title: Block Printing: The Rarity of Fabrics Made by Hand})",[:RELATED_COLLECTION {overlap: 4}],"(:Collection {path: /pages/artforms, title: Artforms})"
"(:Blog {path: /blogs/posts/the-ritual-art-of-pithora-wall-paintings, title: The Ritual Art Of Pithora Wall Paintings})",[:RELATED_COLLECTION {overlap: 3}],"(:Collection {path: /pages/artforms, title: Artforms})"
"(:Blog {path: /blogs/posts/the-crafts-of-gudi-padwa, title: The Crafts of Gudi Padwa})",[:RELATED_COLLECTION {overlap: 3}],"(:Collection {path: /pages/artforms, title: Artforms})"
"(:Blog {path: /blogs/posts/molela-terracotta-craft, title: Molela Terracotta: A Rajasthani Craft})",[:RELATED_COLLECTION {overlap: 3}],"(:Collection {path: /pages/artforms, title: Artforms})"
"(:Blog {path: /blogs/posts/hampi-the-enigmatic-marvel-of-india, title: HAMPI:  THE ENIGMATIC MARVEL OF INDIA})",[:RELATED_COLLECTION {overlap: 3}],"(:Collection {path: /pages/artforms, title: Artforms})"
"(:Blog {path: /blogs/posts/bhil-art, title: Bhil Art- Uniqueness in Simplicity.})",[:RELATED_COLLECTION {overlap: 5}],"(:Collection {path: /pages/artforms, title: Artforms})"
"(:Blog {path: /blogs/posts/seeking-meanings-reading-symbolic-motifs-in-mandana, title: Seeking Meanings: Reading Symbolic Motifs in Mandana})",[:RELATED_COLLECTION {overlap: 4}],"(:Collection {path: /pages/artforms, title: Artforms})"
"(:Blog {path: /blogs/posts/patangarh-unveiling-the-riches-of-a-timeless-village, title: Patangarh: Unveiling the Riches of a Timeless Village})",[:RELATED_COLLECTION {overlap: 4}],"(:Collection {path: /pages/artforms, title: Artforms})"
"(:Blog {path: /blogs/posts/kokna-tribe-masks, title: Kokna Tribe Masks})",[:RELATED_COLLECTION {overlap: 3}],"(:Collection {path: /pages/artforms, title: Artforms})"
"(:Blog {path: /blogs/posts/the-role-of-clay-in-preserving-adivasi-heritage, title: The Role of Clay Art in Preserving India's Intangible Adivasi Heritage})",[:RELATED_COLLECTION {overlap: 3}],"(:Collection {path: /pages/artforms, title: Artforms})"
"(:Blog {path: /blogs/posts/why-tribal-art-matters, title: Why Tribal Art Matters})",[:RELATED_COLLECTION {overlap: 3}],"(:Collection {path: /pages/artforms, title: Artforms})"
"(:Blog {path: /blogs/posts/how-to-start-a-personal-collection-of-indian-folk-paintings, title: How to Start a Personal Collection of Indian Folk Paintings})",[:RELATED_COLLECTION {overlap: 3}],"(:Collection {path: /pages/artforms, title: Artforms})"
"(:Blog {path: /blogs/posts/mapping-indias-folk-music-styles, title: India's Folk Music Styles: A Map})",[:RELATED_COLLECTION {overlap: 4}],"(:Collection {path: /collections/krishna-leela-a-janmashtami-painting-collection, title: Krishna Leela: A Janmashtami Painting Collection 2024})"
"(:Blog {path: /blogs/posts/the-gond-community-an-overview, title: The Gond Community: An Overview})",[:RELATED_COLLECTION {overlap: 3}],"(:Collection {path: /collections/krishna-leela-a-janmashtami-painting-collection, title: Krishna Leela: A Janmashtami Painting Collection 2024})"
"(:Blog {path: /blogs/posts/comparative-analysis-of-prehistoric-indian-art-and-tribal-art-from-bhimbetka-to-gond-warli, title: Comparative Analysis of Prehistoric Indian Art and Tribal Art: From Bhimbetka to Gond & Warli})",[:RELATED_COLLECTION {overlap: 3}],"(:Collection {path: /collections/krishna-leela-a-janmashtami-painting-collection, title: Krishna Leela: A Janmashtami Painting Collection 2024})"
"(:Blog {path: /blogs/posts/signature-patterns-in-gond-art, title: Signature Patterns in Gond Art})",[:RELATED_COLLECTION {overlap: 3}],"(:Collection {path: /collections/krishna-leela-a-janmashtami-painting-collection, title: Krishna Leela: A Janmashtami Painting Collection 2024})"
"(:Blog {path: /blogs/posts/exploring-the-different-styles-of-kalamkari-art, title: Exploring the Different Styles of Kalamkari Art})",[:RELATED_COLLECTION {overlap: 3}],"(:Collection {path: /collections/siva-reddy, title: K Siva Prasad Reddy})"
"(:Blog {path: /blogs/posts/the-evolution-of-motifs-from-ancient-symbols-to-modern-interpretation-in-indian-art, title: The Evolution of Motifs: From Ancient Symbols to Modern Interpretation in Indian Art})",[:RELATED_COLLECTION {overlap: 4}],"(:Collection {path: /collections/chau-mask, title: Chhau Mask})"
"(:Blog {path: /blogs/posts/weaves-of-india, title: Weaves of India})",[:RELATED_COLLECTION {overlap: 4}],"(:Collection {path: /collections/chau-mask, title: Chhau Mask})"
"(:Blog {path: /blogs/posts/tales-of-three-devis-stories-for-kids, title: Tales of Three Devis: Stories for Kids})",[:RELATED_COLLECTION {overlap: 3}],"(:Collection {path: /collections/chau-mask, title: Chhau Mask})"
"(:Blog {path: /blogs/posts/traditional-masks-of-india, title: Traditional Masks of India})",[:RELATED_COLLECTION {overlap: 5}],"(:Collection {path: /collections/chau-mask, title: Chhau Mask})"
"(:Blog {path: /blogs/posts/development-of-indian-miniature-paintings-of-the-rajput-style, title: Development of Indian miniature paintings of the Rajput style})",[:RELATED_COLLECTION {overlap: 3}],"(:Collection {path: /collections/chau-mask, title: Chhau Mask})"
"(:Blog {path: /blogs/posts/the-tales-of-lord-krishna-stories-for-kids, title: The Tales of Lord Krishna: Stories for Kids})",[:RELATED_COLLECTION {overlap: 3}],"(:Collection {path: /collections/chau-mask, title: Chhau Mask})"
"(:Blog {path: /blogs/posts/themes-and-symbolism-in-kalamkari-art-a-cultural-and-historical-perspective, title: Themes and Symbolism in Kalamkari Art: A Cultural and Historical Perspective})",[:RELATED_COLLECTION {overlap: 3}],"(:Collection {path: /collections/chau-mask, title: Chhau Mask})"
"(:Blog {path: /blogs/posts/get-your-diy-on-5-indian-crafts-to-cure-boredom, title: Get Your DIY On: 5 Indian Crafts to Cure Boredom})",[:RELATED_COLLECTION {overlap: 4}],"(:Collection {path: /collections/chau-mask, title: Chhau Mask})"
"(:Blog {path: /blogs/posts/wedding-gift-ideas-inspired-by-traditional-indian-art, title: Wedding Gift Ideas Inspired by Traditional Indian Art})",[:RELATED_COLLECTION {overlap: 5}],"(:Collection {path: /collections/chau-mask, title: Chhau Mask})"
"(:Blog {path: /blogs/posts/unfurling-a-world-of-wonder-a-journey-into-bengal-pattachitra, title: Unfurling a world of wonder: A journey into Bengal Pattachitra})",[:RELATED_COLLECTION {overlap: 4}],"(:Collection {path: /collections/chau-mask, title: Chhau Mask})"
"(:Blog {path: /blogs/posts/a-traveller-s-guide-to-ayodhya, title: A traveller’s guide to Ayodhya})",[:RELATED_COLLECTION {overlap: 4}],"(:Collection {path: /collections/chau-mask, title: Chhau Mask})"
"(:Blog {path: /blogs/posts/art-of-mysore-ganjifa-traditional-card-game-of-india, title: Art of Mysore Ganjifa: Traditional Card Game of India})",[:RELATED_COLLECTION {overlap: 4}],"(:Collection {path: /collections/chau-mask, title: Chhau Mask})"
"(:Blog {path: /blogs/posts/the-mud-work-of-kutch-lippan, title: The Mud Work of Kutch: Lippan Kaam})",[:RELATED_COLLECTION {overlap: 3}],"(:Collection {path: /collections/chau-mask, title: Chhau Mask})"
"(:Blog {path: /blogs/posts/the-pioneering-women-artists-of-bhil-art, title: The Pioneering Women of Bhil Art})",[:RELATED_COLLECTION {overlap: 4}],"(:Collection {path: /collections/chau-mask, title: Chhau Mask})"
"(:Blog {path: /blogs/posts/celebrating-shiv-parvati-a-journey-through-indian-art-traditions, title: Celebrating Shiv-Parvati: A Journey Through Indian Art Traditions})",[:RELATED_COLLECTION {overlap: 3}],"(:Collection {path: /collections/chau-mask, title: Chhau Mask})"
"(:Blog {path: /blogs/posts/aipan-art-the-uttaranchal-legacy, title: Aipan Art: A Treasured Legacy of Uttarakhand})",[:RELATED_COLLECTION {overlap: 3}],"(:Collection {path: /collections/sandalwood-kadam-wood-carving, title: Sandalwood & Kadam Wood Carving})"
"(:Blog {path: /blogs/posts/symbolism-of-fish-in-indian-art, title: SYMBOLISM OF FISH IN INDIAN ART})",[:RELATED_COLLECTION {overlap: 3}],"(:Collection {path: /collections/sohrai, title: Sohrai})"
"(:Blog {path: /blogs/posts/art-and-craft-map-of-rajasthan, title: Art and Craft Map of Rajasthan})",[:RELATED_COLLECTION {overlap: 3}],"(:Collection {path: /collections/sohrai, title: Sohrai})"
"(:Blog {path: /blogs/posts/floor-paintings-of-india, title: FLOOR PAINTINGS OF INDIA})",[:RELATED_COLLECTION {overlap: 3}],"(:Collection {path: /collections/sohrai, title: Sohrai})"
"(:Blog {path: /blogs/posts/majuli-mask-painting, title: Majuli Mask Painting})",[:RELATED_COLLECTION {overlap: 3}],"(:Collection {path: /collections/sohrai, title: Sohrai})"
"(:Blog {path: /blogs/posts/how-to-identify-a-madhubani-painting, title: How To Identify a Madhubani Painting?})",[:RELATED_COLLECTION {overlap: 3}],"(:Collection {path: /collections/sohrai, title: Sohrai})"
"(:Blog {path: /blogs/posts/the-art-of-stone-dust, title: The Art of Stone Dust})",[:RELATED_COLLECTION {overlap: 3}],"(:Collection {path: /collections/sohrai, title: Sohrai})"
"(:Blog {path: /blogs/posts/budh-purnima-celebrating-the-enlightened-one, title: Budh Purnima: Celebrating the Enlightened One})",[:RELATED_COLLECTION {overlap: 4}],"(:Collection {path: /collections/sohrai, title: Sohrai})"
"(:Blog {path: /blogs/posts/mapping-indias-folk-music-styles, title: India's Folk Music Styles: A Map})",[:RELATED_COLLECTION {overlap: 3}],"(:Collection {path: /collections/venkat-raman-singh-shyam, title: Venkat Raman Singh Shyam})"
"(:Blog {path: /blogs/posts/the-gond-community-an-overview, title: The Gond Community: An Overview})",[:RELATED_COLLECTION {overlap: 3}],"(:Collection {path: /collections/venkat-raman-singh-shyam, title: Venkat Raman Singh Shyam})"
"(:Blog {path: /blogs/posts/block-printing-the-rarity-of-fabrics-made-by-hand, title: Block Printing: The Rarity of Fabrics Made by Hand})",[:RELATED_COLLECTION {overlap: 3}],"(:Collection {path: /collections/artwork-of-gujarat, title: Painting and Artwork of Gujarat})"
"(:Blog {path: /blogs/posts/cultural-traditions-at-mahakumbh-a-gateway-to-indian-art, title: Cultural Traditions at Mahakumbh – A Gateway to Indian Art})",[:RELATED_COLLECTION {overlap: 3}],"(:Collection {path: /collections/sholapith, title: Sholapith Art Collection})"
"(:Blog {path: /blogs/posts/tales-of-three-devis-stories-for-kids, title: Tales of Three Devis: Stories for Kids})",[:RELATED_COLLECTION {overlap: 3}],"(:Collection {path: /collections/sholapith, title: Sholapith Art Collection})"
"(:Blog {path: /blogs/posts/portrayal-of-christianity-in-traditional-indian-artforms, title: Portrayal of Christianity in Traditional Indian Artforms})",[:RELATED_COLLECTION {overlap: 4}],"(:Collection {path: /collections/sholapith, title: Sholapith Art Collection})"
"(:Blog {path: /blogs/posts/unfurling-a-world-of-wonder-a-journey-into-bengal-pattachitra, title: Unfurling a world of wonder: A journey into Bengal Pattachitra})",[:RELATED_COLLECTION {overlap: 3}],"(:Collection {path: /collections/sholapith, title: Sholapith Art Collection})"
"(:Blog {path: /blogs/posts/kalighat-paintings-the-satirical-pop-art-of-19th-century-kolkata, title: Kalighat Paintings: The Satirical Pop Art of 19th-century Kolkata})",[:RELATED_COLLECTION {overlap: 3}],"(:Collection {path: /collections/sholapith, title: Sholapith Art Collection})"
"(:Blog {path: /blogs/posts/tholu-bommalata-the-puppeteers-of-andhra-pradesh, title: Tholu Bommalata - The Puppeteers of Andhra Pradesh})",[:RELATED_COLLECTION {overlap: 3}],"(:Collection {path: /collections/sholapith, title: Sholapith Art Collection})"
"(:Blog {path: /blogs/posts/chitrakathi-storytelling-tradition-of-india, title: Chitrakathi Storytelling Tradition of India})",[:RELATED_COLLECTION {overlap: 3}],"(:Collection {path: /collections/sholapith, title: Sholapith Art Collection})"
"(:Blog {path: /blogs/posts/understanding-the-symbolism-of-motifs-in-madhubani-art, title: Understanding the Symbolism of Motifs in Madhubani Art})",[:RELATED_COLLECTION {overlap: 3}],"(:Collection {path: /collections/artwork-of-bihar, title: Traditional Art and Craft of Bihar})"
"(:Blog {path: /blogs/posts/floor-paintings-of-india, title: FLOOR PAINTINGS OF INDIA})",[:RELATED_COLLECTION {overlap: 3}],"(:Collection {path: /collections/artwork-of-bihar, title: Traditional Art and Craft of Bihar})"
"(:Blog {path: /blogs/posts/ganjifa-a-kaleidoscope-of-indian-art-and-culture, title: Ganjifa: A kaleidoscope of Indian art and culture})",[:RELATED_COLLECTION {overlap: 3}],"(:Collection {path: /collections/artwork-of-karnataka, title: Handmade traditional art of Karnataka})"
"(:Blog {path: /blogs/posts/chitrakathi-storytelling-tradition-of-india, title: Chitrakathi Storytelling Tradition of India})",[:RELATED_COLLECTION {overlap: 4}],"(:Collection {path: /collections/artwork-of-karnataka, title: Handmade traditional art of Karnataka})"
"(:Blog {path: /blogs/art-guides/how-to-pick-your-first-traditional-indian-artwork, title: How to Pick Your First Traditional Indian Artwork})",[:RELATED_COLLECTION {overlap: 3}],"(:Collection {path: /collections/artwork-of-karnataka, title: Handmade traditional art of Karnataka})"
"(:Blog {path: /blogs/posts/zardozi-embroidery-of-the-royals, title: Zardozi, embroidery of the royals})",[:RELATED_COLLECTION {overlap: 3}],"(:Collection {path: /collections/marble-inlay, title: Marble Inlay})"
"(:Blog {path: /blogs/posts/ganjifa-a-kaleidoscope-of-indian-art-and-culture, title: Ganjifa: A kaleidoscope of Indian art and culture})",[:RELATED_COLLECTION {overlap: 5}],"(:Collection {path: /collections/marble-inlay, title: Marble Inlay})"
"(:Blog {path: /blogs/posts/block-printing-the-rarity-of-fabrics-made-by-hand, title: Block Printing: The Rarity of Fabrics Made by Hand})",[:RELATED_COLLECTION {overlap: 3}],"(:Collection {path: /collections/rogan-art, title: Rogan Art})"
"(:Blog {path: /blogs/posts/the-art-of-stone-dust, title: The Art of Stone Dust})",[:RELATED_COLLECTION {overlap: 3}],"(:Collection {path: /collections/rogan-art, title: Rogan Art})"
"(:Blog {path: /blogs/posts/indian-blue-pottery, title: Indian Blue Pottery})",[:RELATED_COLLECTION {overlap: 3}],"(:Collection {path: /collections/rogan-art, title: Rogan Art})"
"(:Blog {path: /blogs/posts/visit-kutch-s-colourful-craft-village-nirona, title: Visit Kutch’s colourful craft village Nirona})",[:RELATED_COLLECTION {overlap: 5}],"(:Collection {path: /collections/rogan-art, title: Rogan Art})"
"(:Blog {path: /blogs/posts/hampi-the-enigmatic-marvel-of-india, title: HAMPI:  THE ENIGMATIC MARVEL OF INDIA})",[:RELATED_COLLECTION {overlap: 3}],"(:Collection {path: /collections/pooja-room-decor, title: Pooja Room Decor})"
"(:Blog {path: /blogs/posts/bhil-art, title: Bhil Art- Uniqueness in Simplicity.})",[:RELATED_COLLECTION {overlap: 3}],"(:Collection {path: /collections/pooja-room-decor, title: Pooja Room Decor})"
"(:Blog {path: /blogs/posts/patangarh-unveiling-the-riches-of-a-timeless-village, title: Patangarh: Unveiling the Riches of a Timeless Village})",[:RELATED_COLLECTION {overlap: 3}],"(:Collection {path: /collections/pooja-room-decor, title: Pooja Room Decor})"
"(:Blog {path: /blogs/posts/how-to-start-a-personal-collection-of-indian-folk-paintings, title: How to Start a Personal Collection of Indian Folk Paintings})",[:RELATED_COLLECTION {overlap: 3}],"(:Collection {path: /collections/pooja-room-decor, title: Pooja Room Decor})"
"(:Blog {path: /blogs/posts/ganjifa-a-kaleidoscope-of-indian-art-and-culture, title: Ganjifa: A kaleidoscope of Indian art and culture})",[:RELATED_COLLECTION {overlap: 3}],"(:Collection {path: /collections/ganjifa, title: Ganjifa})"
"(:Blog {path: /blogs/art-guides/how-to-pick-your-first-traditional-indian-artwork, title: How to Pick Your First Traditional Indian Artwork})",[:RELATED_COLLECTION {overlap: 3}],"(:Collection {path: /collections/ganjifa, title: Ganjifa})"
"(:Blog {path: /blogs/posts/the-city-of-barmer-all-you-need-to-know, title: The City of Barmer: All You Need To Know})",[:RELATED_COLLECTION {overlap: 3}],"(:Collection {path: /collections/artwork-of-telangana, title: Traditional art of Telangana})"
"(:Blog {path: /blogs/posts/bandhani-print-india, title: Bandhani Print: The Art of Tie-Dye in India})",[:RELATED_COLLECTION {overlap: 3}],"(:Collection {path: /collections/artwork-of-telangana, title: Traditional art of Telangana})"
"(:Blog {path: /blogs/posts/hampi-the-enigmatic-marvel-of-india, title: HAMPI:  THE ENIGMATIC MARVEL OF INDIA})",[:RELATED_COLLECTION {overlap: 3}],"(:Collection {path: /collections/artwork-of-telangana, title: Traditional art of Telangana})"
"(:Blog {path: /blogs/posts/seeking-meanings-reading-symbolic-motifs-in-mandana, title: Seeking Meanings: Reading Symbolic Motifs in Mandana})",[:RELATED_COLLECTION {overlap: 3}],"(:Collection {path: /collections/artwork-of-telangana, title: Traditional art of Telangana})"
"(:Blog {path: /blogs/posts/thoughtful-diwali-gifts-for-2024-unique-ideas-to-brighten-your-festive-celebrations, title: Thoughtful Diwali Gifts for 2024: Unique Ideas to Brighten Your Festive Celebrations})",[:RELATED_COLLECTION {overlap: 3}],"(:Collection {path: /collections/brass-metal-craft, title: Brass Metal Craft})"
"(:Blog {path: /blogs/posts/15-inspiring-lakshmi-and-ganesha-painting-ideas-for-diwali, title: 15 inspiring Lakshmi and Ganesha painting ideas for Diwali})",[:RELATED_COLLECTION {overlap: 4}],"(:Collection {path: /collections/brass-metal-craft, title: Brass Metal Craft})"
"(:Blog {path: /blogs/posts/floor-paintings-of-india, title: FLOOR PAINTINGS OF INDIA})",[:RELATED_COLLECTION {overlap: 3}],"(:Collection {path: /collections/brass-metal-craft, title: Brass Metal Craft})"
"(:Blog {path: /blogs/posts/human-animal-hybrids-as-a-motif-in-indian-folklores, title: Human-Animal Hybrids as a Motif in Indian Folklores})",[:RELATED_COLLECTION {overlap: 3}],"(:Collection {path: /collections/brass-metal-craft, title: Brass Metal Craft})"
"(:Blog {path: /blogs/posts/seeking-meanings-reading-symbolic-motifs-in-mandana, title: Seeking Meanings: Reading Symbolic Motifs in Mandana})",[:RELATED_COLLECTION {overlap: 3}],"(:Collection {path: /collections/brass-metal-craft, title: Brass Metal Craft})"
"(:Blog {path: /blogs/posts/the-evolution-of-gond-painting-from-walls-to-paper, title: The Evolution of Gond Painting From Walls to Paper})",[:RELATED_COLLECTION {overlap: 3}],"(:Collection {path: /collections/brass-metal-craft, title: Brass Metal Craft})"
"(:Blog {path: /blogs/posts/tholu-bommalata-the-puppeteers-of-andhra-pradesh, title: Tholu Bommalata - The Puppeteers of Andhra Pradesh})",[:RELATED_COLLECTION {overlap: 3}],"(:Collection {path: /collections/chamba-rumal-embroidery, title: Chamba Rumal – Exquisite Embroidered Art from Himachal Pradesh})"
"(:Blog {path: /blogs/posts/echoes-across-brush-and-landscape, title: Echoes Across Brush and Landscape})",[:RELATED_COLLECTION {overlap: 3}],"(:Collection {path: /collections/chamba-rumal-embroidery, title: Chamba Rumal – Exquisite Embroidered Art from Himachal Pradesh})"
"(:Blog {path: /blogs/art-guides/how-to-pick-your-first-traditional-indian-artwork, title: How to Pick Your First Traditional Indian Artwork})",[:RELATED_COLLECTION {overlap: 3}],"(:Collection {path: /collections/chamba-rumal-embroidery, title: Chamba Rumal – Exquisite Embroidered Art from Himachal Pradesh})"
"(:Blog {path: /blogs/posts/how-to-start-a-personal-collection-of-indian-folk-paintings, title: How to Start a Personal Collection of Indian Folk Paintings})",[:RELATED_COLLECTION {overlap: 3}],"(:Collection {path: /collections/chamba-rumal-embroidery, title: Chamba Rumal – Exquisite Embroidered Art from Himachal Pradesh})"
"(:Blog {path: /blogs/posts/the-paintings-of-rabindranath-tagore, title: The Paintings of Rabindranath Tagore})",[:RELATED_COLLECTION {overlap: 3}],"(:Collection {path: /collections/tikuli, title: Tikuli Art of Bihar})"
"(:Blog {path: /blogs/posts/madhubani-paintings-an-enduring-legacy-of-mithila, title: MADHUBANI PAINTINGS: AN ENDURING LEGACY OF MITHILA})",[:RELATED_COLLECTION {overlap: 4}],"(:Collection {path: /collections/tikuli, title: Tikuli Art of Bihar})"
"(:Blog {path: /blogs/posts/symbolism-in-indian-tribal-art-forms, title: Symbolism In Indian Tribal Art Forms})",[:RELATED_COLLECTION {overlap: 3}],"(:Collection {path: /collections/tikuli, title: Tikuli Art of Bihar})"
"(:Blog {path: /blogs/posts/wedding-gift-ideas-inspired-by-traditional-indian-art, title: Wedding Gift Ideas Inspired by Traditional Indian Art})",[:RELATED_COLLECTION {overlap: 6}],"(:Collection {path: /collections/tikuli, title: Tikuli Art of Bihar})"
"(:Blog {path: /blogs/posts/the-pioneering-women-artists-of-bhil-art, title: The Pioneering Women of Bhil Art})",[:RELATED_COLLECTION {overlap: 3}],"(:Collection {path: /collections/tikuli, title: Tikuli Art of Bihar})"
"(:Blog {path: /blogs/posts/the-different-forms-of-floor-paintings, title: The Different Forms of Floor Paintings in South Asia})",[:RELATED_COLLECTION {overlap: 4}],"(:Collection {path: /collections/tikuli, title: Tikuli Art of Bihar})"
"(:Blog {path: /blogs/posts/development-of-indian-miniature-paintings-of-the-rajput-style, title: Development of Indian miniature paintings of the Rajput style})",[:RELATED_COLLECTION {overlap: 4}],"(:Collection {path: /collections/kavad-art, title: Kavad Art Paintings and Art Collection})"
"(:Blog {path: /blogs/posts/get-your-diy-on-5-indian-crafts-to-cure-boredom, title: Get Your DIY On: 5 Indian Crafts to Cure Boredom})",[:RELATED_COLLECTION {overlap: 3}],"(:Collection {path: /collections/kavad-art, title: Kavad Art Paintings and Art Collection})"
"(:Blog {path: /blogs/posts/wedding-gift-ideas-inspired-by-traditional-indian-art, title: Wedding Gift Ideas Inspired by Traditional Indian Art})",[:RELATED_COLLECTION {overlap: 3}],"(:Collection {path: /collections/kavad-art, title: Kavad Art Paintings and Art Collection})"
"(:Blog {path: /blogs/posts/molela-village-a-hidden-gem-of-traditional-crafts, title: Molela Village: A Hidden Gem of Traditional Crafts})",[:RELATED_COLLECTION {overlap: 3}],"(:Collection {path: /collections/kavad-art, title: Kavad Art Paintings and Art Collection})"
"(:Blog {path: /blogs/posts/motifs-and-math-geometric-shapes-in-warli-art, title: Motifs and Math: Geometric Shapes in Warli Art})",[:RELATED_COLLECTION {overlap: 3}],"(:Collection {path: /collections/kailash-pradhan, title: Kailash Pradhan})"
"(:Blog {path: /blogs/posts/symbolism-in-indian-tribal-art-forms, title: Symbolism In Indian Tribal Art Forms})",[:RELATED_COLLECTION {overlap: 5}],"(:Collection {path: /collections/kailash-pradhan, title: Kailash Pradhan})"
"(:Blog {path: /blogs/posts/wedding-gift-ideas-inspired-by-traditional-indian-art, title: Wedding Gift Ideas Inspired by Traditional Indian Art})",[:RELATED_COLLECTION {overlap: 3}],"(:Collection {path: /collections/kailash-pradhan, title: Kailash Pradhan})"
"(:Blog {path: /blogs/posts/the-life-stories-of-mahavira, title: The Life Stories of Mahavira})",[:RELATED_COLLECTION {overlap: 3}],"(:Collection {path: /collections/kailash-pradhan, title: Kailash Pradhan})"
"(:Blog {path: /blogs/posts/signature-patterns-in-gond-art, title: Signature Patterns in Gond Art})",[:RELATED_COLLECTION {overlap: 4}],"(:Collection {path: /collections/kailash-pradhan, title: Kailash Pradhan})"
"(:Blog {path: /blogs/posts/block-printing-the-rarity-of-fabrics-made-by-hand, title: Block Printing: The Rarity of Fabrics Made by Hand})",[:RELATED_COLLECTION {overlap: 6}],"(:Collection {path: /collections/bhil, title: Bhil Art Paintings and Art Collection})"
"(:Blog {path: /blogs/posts/the-gond-community-an-overview, title: The Gond Community: An Overview})",[:RELATED_COLLECTION {overlap: 3}],"(:Collection {path: /collections/bhil, title: Bhil Art Paintings and Art Collection})"
"(:Blog {path: /blogs/posts/the-ritual-art-of-pithora-wall-paintings, title: The Ritual Art Of Pithora Wall Paintings})",[:RELATED_COLLECTION {overlap: 4}],"(:Collection {path: /collections/bhil, title: Bhil Art Paintings and Art Collection})"
"(:Blog {path: /blogs/posts/madhubani-paintings-an-enduring-legacy-of-mithila, title: MADHUBANI PAINTINGS: AN ENDURING LEGACY OF MITHILA})",[:RELATED_COLLECTION {overlap: 4}],"(:Collection {path: /collections/bhil, title: Bhil Art Paintings and Art Collection})"
"(:Blog {path: /blogs/posts/the-crafts-of-gudi-padwa, title: The Crafts of Gudi Padwa})",[:RELATED_COLLECTION {overlap: 3}],"(:Collection {path: /collections/bhil, title: Bhil Art Paintings and Art Collection})"
"(:Blog {path: /blogs/posts/motifs-and-math-geometric-shapes-in-warli-art, title: Motifs and Math: Geometric Shapes in Warli Art})",[:RELATED_COLLECTION {overlap: 3}],"(:Collection {path: /collections/bhil, title: Bhil Art Paintings and Art Collection})"
"(:Blog {path: /blogs/posts/symbolism-in-indian-tribal-art-forms, title: Symbolism In Indian Tribal Art Forms})",[:RELATED_COLLECTION {overlap: 4}],"(:Collection {path: /collections/bhil, title: Bhil Art Paintings and Art Collection})"
"(:Blog {path: /blogs/posts/molela-terracotta-craft, title: Molela Terracotta: A Rajasthani Craft})",[:RELATED_COLLECTION {overlap: 4}],"(:Collection {path: /collections/bhil, title: Bhil Art Paintings and Art Collection})"
"(:Blog {path: /blogs/posts/hampi-the-enigmatic-marvel-of-india, title: HAMPI:  THE ENIGMATIC MARVEL OF INDIA})",[:RELATED_COLLECTION {overlap: 3}],"(:Collection {path: /collections/bhil, title: Bhil Art Paintings and Art Collection})"
"(:Blog {path: /blogs/posts/kantha-the-embroidered-threads-of-bengal, title: Kantha – the embroidered threads of Bengal})",[:RELATED_COLLECTION {overlap: 5}],"(:Collection {path: /collections/bhil, title: Bhil Art Paintings and Art Collection})"
"(:Blog {path: /blogs/posts/wedding-gift-ideas-inspired-by-traditional-indian-art, title: Wedding Gift Ideas Inspired by Traditional Indian Art})",[:RELATED_COLLECTION {overlap: 4}],"(:Collection {path: /collections/bhil, title: Bhil Art Paintings and Art Collection})"
"(:Blog {path: /blogs/posts/majuli-mask-painting, title: Majuli Mask Painting})",[:RELATED_COLLECTION {overlap: 5}],"(:Collection {path: /collections/bhil, title: Bhil Art Paintings and Art Collection})"
"(:Blog {path: /blogs/posts/molela-village-a-hidden-gem-of-traditional-crafts, title: Molela Village: A Hidden Gem of Traditional Crafts})",[:RELATED_COLLECTION {overlap: 3}],"(:Collection {path: /collections/bhil, title: Bhil Art Paintings and Art Collection})"
"(:Blog {path: /blogs/posts/bhil-art, title: Bhil Art- Uniqueness in Simplicity.})",[:RELATED_COLLECTION {overlap: 6}],"(:Collection {path: /collections/bhil, title: Bhil Art Paintings and Art Collection})"
"(:Blog {path: /blogs/posts/the-art-of-kantha, title: The Art of Kantha})",[:RELATED_COLLECTION {overlap: 3}],"(:Collection {path: /collections/bhil, title: Bhil Art Paintings and Art Collection})"
"(:Blog {path: /blogs/posts/signature-patterns-in-gond-art, title: Signature Patterns in Gond Art})",[:RELATED_COLLECTION {overlap: 5}],"(:Collection {path: /collections/bhil, title: Bhil Art Paintings and Art Collection})"
"(:Blog {path: /blogs/posts/the-art-of-stone-dust, title: The Art of Stone Dust})",[:RELATED_COLLECTION {overlap: 3}],"(:Collection {path: /collections/bhil, title: Bhil Art Paintings and Art Collection})"
"(:Blog {path: /blogs/art-guides/how-to-get-commissioned-indian-artworks-on-memeraki-right, title: How to Get Commissioned Indian Artworks On MeMeraki?})",[:RELATED_COLLECTION {overlap: 3}],"(:Collection {path: /collections/bhil, title: Bhil Art Paintings and Art Collection})"
"(:Blog {path: /blogs/posts/seeking-meanings-reading-symbolic-motifs-in-mandana, title: Seeking Meanings: Reading Symbolic Motifs in Mandana})",[:RELATED_COLLECTION {overlap: 4}],"(:Collection {path: /collections/bhil, title: Bhil Art Paintings and Art Collection})"
"(:Blog {path: /blogs/posts/the-pioneering-women-artists-of-bhil-art, title: The Pioneering Women of Bhil Art})",[:RELATED_COLLECTION {overlap: 3}],"(:Collection {path: /collections/bhil, title: Bhil Art Paintings and Art Collection})"
"(:Blog {path: /blogs/posts/patangarh-unveiling-the-riches-of-a-timeless-village, title: Patangarh: Unveiling the Riches of a Timeless Village})",[:RELATED_COLLECTION {overlap: 5}],"(:Collection {path: /collections/bhil, title: Bhil Art Paintings and Art Collection})"
"(:Blog {path: /blogs/posts/the-evolution-of-gond-painting-from-walls-to-paper, title: The Evolution of Gond Painting From Walls to Paper})",[:RELATED_COLLECTION {overlap: 4}],"(:Collection {path: /collections/bhil, title: Bhil Art Paintings and Art Collection})"
"(:Blog {path: /blogs/posts/the-role-of-clay-in-preserving-adivasi-heritage, title: The Role of Clay Art in Preserving India's Intangible Adivasi Heritage})",[:RELATED_COLLECTION {overlap: 3}],"(:Collection {path: /collections/bhil, title: Bhil Art Paintings and Art Collection})"
"(:Blog {path: /blogs/posts/why-tribal-art-matters, title: Why Tribal Art Matters})",[:RELATED_COLLECTION {overlap: 3}],"(:Collection {path: /collections/bhil, title: Bhil Art Paintings and Art Collection})"
"(:Blog {path: /blogs/posts/how-to-start-a-personal-collection-of-indian-folk-paintings, title: How to Start a Personal Collection of Indian Folk Paintings})",[:RELATED_COLLECTION {overlap: 4}],"(:Collection {path: /collections/bhil, title: Bhil Art Paintings and Art Collection})"
"(:Blog {path: /blogs/posts/warli-art-tribal-art-of-india, title: Warli Art- Tribal Art of India})",[:RELATED_COLLECTION {overlap: 4}],"(:Collection {path: /collections/artwork-of-maharashtra, title: Art and Crafts of Maharashtra})"
"(:Blog {path: /blogs/posts/warli-paintings-different-types-styles, title: WARLI PAINTINGS, DIFFERENT TYPES & STYLES})",[:RELATED_COLLECTION {overlap: 3}],"(:Collection {path: /collections/artwork-of-maharashtra, title: Art and Crafts of Maharashtra})"
"(:Blog {path: /blogs/posts/signature-patterns-in-gond-art, title: Signature Patterns in Gond Art})",[:RELATED_COLLECTION {overlap: 3}],"(:Collection {path: /collections/artwork-of-maharashtra, title: Art and Crafts of Maharashtra})"
"(:Blog {path: /blogs/posts/how-to-read-a-thangka-a-beginner-s-guide-to-symbols-mudras-and-attributes, title: How to Read a Thangka: A Beginner’s Guide to Symbols, Mudras and Attributes})",[:RELATED_COLLECTION {overlap: 6}],"(:Collection {path: /collections/thangka-art, title: Thangka Art})"
"(:Blog {path: /blogs/posts/the-forgotten-indian-handicrafts-revivalist-remembering-kamaladevi-chattopadhyay, title: The Forgotten Indian Handicrafts Revivalist: Remembering Kamaladevi Chattopadhyay})",[:RELATED_COLLECTION {overlap: 3}],"(:Collection {path: /collections/thangka-art, title: Thangka Art})"
"(:Blog {path: /blogs/posts/the-evolution-of-motifs-from-ancient-symbols-to-modern-interpretation-in-indian-art, title: The Evolution of Motifs: From Ancient Symbols to Modern Interpretation in Indian Art})",[:RELATED_COLLECTION {overlap: 3}],"(:Collection {path: /pages/odop-list, title: One District One Product (ODOP) Catalog})"
"(:Blog {path: /blogs/posts/love-and-romance-in-indian-miniature-paintings, title: Love and Romance in Indian Miniature Paintings})",[:RELATED_COLLECTION {overlap: 3}],"(:Collection {path: /pages/odop-list, title: One District One Product (ODOP) Catalog})"
"(:Blog {path: /blogs/posts/get-your-diy-on-5-indian-crafts-to-cure-boredom, title: Get Your DIY On: 5 Indian Crafts to Cure Boredom})",[:RELATED_COLLECTION {overlap: 3}],"(:Collection {path: /pages/odop-list, title: One District One Product (ODOP) Catalog})"
"(:Blog {path: /blogs/posts/wedding-gift-ideas-inspired-by-traditional-indian-art, title: Wedding Gift Ideas Inspired by Traditional Indian Art})",[:RELATED_COLLECTION {overlap: 3}],"(:Collection {path: /pages/odop-list, title: One District One Product (ODOP) Catalog})"
"(:Blog {path: /blogs/posts/a-traveller-s-guide-to-ayodhya, title: A traveller’s guide to Ayodhya})",[:RELATED_COLLECTION {overlap: 3}],"(:Collection {path: /pages/odop-list, title: One District One Product (ODOP) Catalog})"
"(:Blog {path: /blogs/posts/art-of-mysore-ganjifa-traditional-card-game-of-india, title: Art of Mysore Ganjifa: Traditional Card Game of India})",[:RELATED_COLLECTION {overlap: 3}],"(:Collection {path: /pages/odop-list, title: One District One Product (ODOP) Catalog})"
"(:Blog {path: /blogs/posts/the-pioneering-women-artists-of-bhil-art, title: The Pioneering Women of Bhil Art})",[:RELATED_COLLECTION {overlap: 3}],"(:Collection {path: /pages/odop-list, title: One District One Product (ODOP) Catalog})"
"(:Blog {path: /blogs/posts/celebrating-shiv-parvati-a-journey-through-indian-art-traditions, title: Celebrating Shiv-Parvati: A Journey Through Indian Art Traditions})",[:RELATED_COLLECTION {overlap: 3}],"(:Collection {path: /pages/odop-list, title: One District One Product (ODOP) Catalog})"
"(:Blog {path: /blogs/posts/pichwai-as-a-timeless-investment-the-art-collectors-guide, title: Pichwai as a Timeless Investment–The Art Collectors’ Guide})",[:RELATED_COLLECTION {overlap: 5}],"(:Collection {path: /collections/pichwai-cows, title: Pichwai Cow Paintings – A Symbol of Devotion and Artistry})"
"(:Blog {path: /blogs/posts/crafts-of-holi-indias-festive-artistry, title: Crafts of Holi: India's Festive Artistry})",[:RELATED_COLLECTION {overlap: 3}],"(:Collection {path: /collections/pichwai-cows, title: Pichwai Cow Paintings – A Symbol of Devotion and Artistry})"
"(:Blog {path: /blogs/posts/floor-paintings-of-india, title: FLOOR PAINTINGS OF INDIA})",[:RELATED_COLLECTION {overlap: 3}],"(:Collection {path: /collections/pichwai-cows, title: Pichwai Cow Paintings – A Symbol of Devotion and Artistry})"
"(:Blog {path: /blogs/posts/nathdwara-the-city-of-lord-krishna, title: Nathdwara: The City of Lord Krishna})",[:RELATED_COLLECTION {overlap: 3}],"(:Collection {path: /collections/pichwai-cows, title: Pichwai Cow Paintings – A Symbol of Devotion and Artistry})"
"(:Blog {path: /blogs/posts/the-evolution-of-thanjavur-paintings-a-cultural-synthesis-of-indian-art-and-heritage, title: The Evolution of Thanjavur Paintings: Unraveling the Influences that Shaped Them})",[:RELATED_COLLECTION {overlap: 3}],"(:Collection {path: /collections/pichwai-cows, title: Pichwai Cow Paintings – A Symbol of Devotion and Artistry})"
"(:Blog {path: /blogs/posts/the-art-of-home-decor-why-you-should-embrace-pichwai-art, title: The Art of Home Decor: Why you should embrace Pichwai Art})",[:RELATED_COLLECTION {overlap: 3}],"(:Collection {path: /collections/pichwai-cows, title: Pichwai Cow Paintings – A Symbol of Devotion and Artistry})"
"(:Blog {path: /blogs/posts/shreenathji-temple-architecture-first-impressions, title: Shreenathji Temple Architecture: First Impressions})",[:RELATED_COLLECTION {overlap: 3}],"(:Collection {path: /collections/pichwai-cows, title: Pichwai Cow Paintings – A Symbol of Devotion and Artistry})"
"(:Blog {path: /blogs/art-guides/how-to-pick-your-first-traditional-indian-artwork, title: How to Pick Your First Traditional Indian Artwork})",[:RELATED_COLLECTION {overlap: 3}],"(:Collection {path: /collections/pichwai-cows, title: Pichwai Cow Paintings – A Symbol of Devotion and Artistry})"
"(:Blog {path: /blogs/posts/madhubani-paintings-an-enduring-legacy-of-mithila, title: MADHUBANI PAINTINGS: AN ENDURING LEGACY OF MITHILA})",[:RELATED_COLLECTION {overlap: 3}],"(:Collection {path: /collections/santosh-uikey, title: Santosh Uikey})"
"(:Blog {path: /blogs/posts/kantha-the-embroidered-threads-of-bengal, title: Kantha – the embroidered threads of Bengal})",[:RELATED_COLLECTION {overlap: 4}],"(:Collection {path: /collections/santosh-uikey, title: Santosh Uikey})"
"(:Blog {path: /blogs/posts/bhil-art, title: Bhil Art- Uniqueness in Simplicity.})",[:RELATED_COLLECTION {overlap: 3}],"(:Collection {path: /collections/santosh-uikey, title: Santosh Uikey})"
"(:Blog {path: /blogs/posts/how-to-start-a-personal-collection-of-indian-folk-paintings, title: How to Start a Personal Collection of Indian Folk Paintings})",[:RELATED_COLLECTION {overlap: 3}],"(:Collection {path: /collections/santosh-uikey, title: Santosh Uikey})"
"(:Blog {path: /blogs/posts/warli-art-tribal-art-of-india, title: Warli Art- Tribal Art of India})",[:RELATED_COLLECTION {overlap: 3}],"(:Collection {path: /collections/dhokra, title: Dhokra})"
"(:Blog {path: /blogs/posts/traditional-masks-of-india, title: Traditional Masks of India})",[:RELATED_COLLECTION {overlap: 3}],"(:Collection {path: /collections/dhokra, title: Dhokra})"
"(:Blog {path: /blogs/posts/arts-and-crafts-of-chhattisgarh, title: Arts and Crafts of Chhattisgarh})",[:RELATED_COLLECTION {overlap: 3}],"(:Collection {path: /collections/dhokra, title: Dhokra})"
"(:Blog {path: /blogs/posts/history-of-toys-and-board-games-in-india, title: History of toys and board games  in India})",[:RELATED_COLLECTION {overlap: 3}],"(:Collection {path: /collections/dhokra, title: Dhokra})"
"(:Blog {path: /blogs/posts/madhubani-paintings-an-enduring-legacy-of-mithila, title: MADHUBANI PAINTINGS: AN ENDURING LEGACY OF MITHILA})",[:RELATED_COLLECTION {overlap: 3}],"(:Collection {path: /collections/dhokra, title: Dhokra})"
"(:Blog {path: /blogs/posts/symbolism-in-indian-tribal-art-forms, title: Symbolism In Indian Tribal Art Forms})",[:RELATED_COLLECTION {overlap: 4}],"(:Collection {path: /collections/dhokra, title: Dhokra})"
"(:Blog {path: /blogs/posts/wedding-gift-ideas-inspired-by-traditional-indian-art, title: Wedding Gift Ideas Inspired by Traditional Indian Art})",[:RELATED_COLLECTION {overlap: 5}],"(:Collection {path: /collections/dhokra, title: Dhokra})"
"(:Blog {path: /blogs/posts/majuli-mask-painting, title: Majuli Mask Painting})",[:RELATED_COLLECTION {overlap: 5}],"(:Collection {path: /collections/dhokra, title: Dhokra})"
"(:Blog {path: /blogs/posts/unfurling-a-world-of-wonder-a-journey-into-bengal-pattachitra, title: Unfurling a world of wonder: A journey into Bengal Pattachitra})",[:RELATED_COLLECTION {overlap: 3}],"(:Collection {path: /collections/dhokra, title: Dhokra})"
"(:Blog {path: /blogs/posts/the-art-of-kantha, title: The Art of Kantha})",[:RELATED_COLLECTION {overlap: 4}],"(:Collection {path: /collections/dhokra, title: Dhokra})"
"(:Blog {path: /blogs/posts/signature-patterns-in-gond-art, title: Signature Patterns in Gond Art})",[:RELATED_COLLECTION {overlap: 4}],"(:Collection {path: /collections/dhokra, title: Dhokra})"
"(:Blog {path: /blogs/posts/tholu-bommalata-the-puppeteers-of-andhra-pradesh, title: Tholu Bommalata - The Puppeteers of Andhra Pradesh})",[:RELATED_COLLECTION {overlap: 3}],"(:Collection {path: /collections/dhokra, title: Dhokra})"
"(:Blog {path: /blogs/posts/the-evolution-of-gond-painting-from-walls-to-paper, title: The Evolution of Gond Painting From Walls to Paper})",[:RELATED_COLLECTION {overlap: 3}],"(:Collection {path: /collections/dhokra, title: Dhokra})"
"(:Blog {path: /blogs/posts/why-tribal-art-matters, title: Why Tribal Art Matters})",[:RELATED_COLLECTION {overlap: 3}],"(:Collection {path: /collections/dhokra, title: Dhokra})"
"(:Blog {path: /blogs/posts/how-to-start-a-personal-collection-of-indian-folk-paintings, title: How to Start a Personal Collection of Indian Folk Paintings})",[:RELATED_COLLECTION {overlap: 3}],"(:Collection {path: /collections/dhokra, title: Dhokra})"
"(:Blog {path: /blogs/posts/the-glittering-legacy-of-thikri-art, title: The Glittering Legacy of Thikri Art})",[:RELATED_COLLECTION {overlap: 3}],"(:Collection {path: /collections/artwork-of-uttar-pradesh, title: Art and Craft of Uttar Pradesh})"
"(:Blog {path: /blogs/posts/kishangarh-and-kangra-a-comparitive-study-of-indian-miniature-art, title: Kishangarh and Kangra: A Comparative Study of Indian Miniature Art})",[:RELATED_COLLECTION {overlap: 3}],"(:Collection {path: /collections/naveen-soni, title: Discover the Divine Art of Pichwai by Master Artist Naveen Soni})"
"(:Blog {path: /blogs/posts/a-brief-history-of-kishangarh-school-of-miniature-paintings, title: A Brief History of Kishangarh School of Miniature Paintings})",[:RELATED_COLLECTION {overlap: 3}],"(:Collection {path: /collections/naveen-soni, title: Discover the Divine Art of Pichwai by Master Artist Naveen Soni})"
"(:Blog {path: /blogs/posts/nathdwara-the-city-of-lord-krishna, title: Nathdwara: The City of Lord Krishna})",[:RELATED_COLLECTION {overlap: 3}],"(:Collection {path: /collections/naveen-soni, title: Discover the Divine Art of Pichwai by Master Artist Naveen Soni})"
"(:Blog {path: /blogs/posts/aipan-art-the-uttaranchal-legacy, title: Aipan Art: A Treasured Legacy of Uttarakhand})",[:RELATED_COLLECTION {overlap: 3}],"(:Collection {path: /collections/mithila-painting, title: Mithila Painting})"
"(:Blog {path: /blogs/posts/themes-and-symbolism-in-kalamkari-art-a-cultural-and-historical-perspective, title: Themes and Symbolism in Kalamkari Art: A Cultural and Historical Perspective})",[:RELATED_COLLECTION {overlap: 3}],"(:Collection {path: /collections/mithila-painting, title: Mithila Painting})"
"(:Blog {path: /blogs/posts/wedding-gift-ideas-inspired-by-traditional-indian-art, title: Wedding Gift Ideas Inspired by Traditional Indian Art})",[:RELATED_COLLECTION {overlap: 4}],"(:Collection {path: /collections/mithila-painting, title: Mithila Painting})"
"(:Blog {path: /blogs/posts/the-pioneering-women-artists-of-bhil-art, title: The Pioneering Women of Bhil Art})",[:RELATED_COLLECTION {overlap: 3}],"(:Collection {path: /collections/mithila-painting, title: Mithila Painting})"
"(:Blog {path: /blogs/posts/madhubani-paintings-an-enduring-legacy-of-mithila, title: MADHUBANI PAINTINGS: AN ENDURING LEGACY OF MITHILA})",[:RELATED_COLLECTION {overlap: 3}],"(:Collection {path: /collections/sikki-grass-art, title: Sikki Grass Art})"
"(:Blog {path: /blogs/posts/floor-paintings-of-india, title: FLOOR PAINTINGS OF INDIA})",[:RELATED_COLLECTION {overlap: 3}],"(:Collection {path: /collections/aipan, title: Aipan})"
"(:Blog {path: /blogs/posts/wedding-gift-ideas-inspired-by-traditional-indian-art, title: Wedding Gift Ideas Inspired by Traditional Indian Art})",[:RELATED_COLLECTION {overlap: 3}],"(:Collection {path: /collections/aipan, title: Aipan})"
"(:Blog {path: /blogs/posts/budh-purnima-celebrating-the-enlightened-one, title: Budh Purnima: Celebrating the Enlightened One})",[:RELATED_COLLECTION {overlap: 4}],"(:Collection {path: /collections/aipan, title: Aipan})"
"(:Blog {path: /blogs/posts/doorways-to-culture-art-and-symbolism-of-doors-windows-and-jharokhas-in-india, title: Doorways to culture: Art and symbolism of Doors, Windows, and Jharokhas in India})",[:RELATED_COLLECTION {overlap: 3}],"(:Collection {path: /collections/aipan, title: Aipan})"
"(:Blog {path: /blogs/posts/block-printing-the-rarity-of-fabrics-made-by-hand, title: Block Printing: The Rarity of Fabrics Made by Hand})",[:RELATED_COLLECTION {overlap: 4}],"(:Collection {path: /collections/design-id-2026, title: Design ID 2026})"
"(:Blog {path: /blogs/posts/guide-to-making-a-kavad, title: A Step-by-Step Guide to Making a Kavad})",[:RELATED_COLLECTION {overlap: 3}],"(:Collection {path: /collections/design-id-2026, title: Design ID 2026})"
"(:Blog {path: /blogs/posts/indian-blue-pottery, title: Indian Blue Pottery})",[:RELATED_COLLECTION {overlap: 3}],"(:Collection {path: /collections/design-id-2026, title: Design ID 2026})"
"(:Blog {path: /blogs/posts/rural-women-guardians-of-artistic-legacy, title: Women From Rural India: Guardians of Artistic Legacy})",[:RELATED_COLLECTION {overlap: 3}],"(:Collection {path: /collections/gareeba-singh-tekam, title: Gareeba Singh Tekam})"
"(:Blog {path: /blogs/posts/warli-mythopoeia-the-role-of-animism-in-india, title: Warli Mythopoeia: The Role of Animism in India})",[:RELATED_COLLECTION {overlap: 3}],"(:Collection {path: /collections/talapatra, title: Talapatra})"
"(:Blog {path: /blogs/posts/the-life-stories-of-mahavira, title: The Life Stories of Mahavira})",[:RELATED_COLLECTION {overlap: 3}],"(:Collection {path: /collections/dolon-kundu, title: Terracotta Masterpieces by Dolon Kundu – A Legacy of Clay and Culture})"
"(:Blog {path: /blogs/posts/arts-and-crafts-of-gujarat, title: Arts and Crafts of Gujarat})",[:RELATED_COLLECTION {overlap: 3}],"(:Collection {path: /collections/dinesh-molela, title: Dinesh Molela})"
"(:Blog {path: /blogs/posts/a-list-of-materials-used-in-lippan-kaam, title: The Ingredients Behind Lippan Kaam})",[:RELATED_COLLECTION {overlap: 3}],"(:Collection {path: /collections/jijulal, title: V.M Jijulal})"
"(:Blog {path: /blogs/posts/the-legend-of-bani-thani, title: The Legend of Bani Thani})",[:RELATED_COLLECTION {overlap: 3}],"(:Collection {path: /collections/kishangarh-art, title: Kishangarh Art})"
"(:Blog {path: /blogs/posts/the-pioneering-women-artists-of-bhil-art, title: The Pioneering Women of Bhil Art})",[:RELATED_COLLECTION {overlap: 3}],"(:Collection {path: /collections/kalam-sacred-lines-shared-stories, title: Kalam: Sacred Lines, Shared Stories})"
"(:Blog {path: /blogs/posts/thoughtful-diwali-gifts-for-2024-unique-ideas-to-brighten-your-festive-celebrations, title: Thoughtful Diwali Gifts for 2024: Unique Ideas to Brighten Your Festive Celebrations})",[:RELATED_COLLECTION {overlap: 4}],"(:Collection {path: /collections/diwali-home-decor, title: Diwali Decorations, Diyas, & Gifts Online (2025 Diwali Sale)})"
"(:Blog {path: /blogs/posts/diwali-with-a-twist-virtual-celebration-ideas, title: Diwali with a Twist: Virtual Celebration Ideas})",[:RELATED_COLLECTION {overlap: 3}],"(:Collection {path: /collections/diwali-home-decor, title: Diwali Decorations, Diyas, & Gifts Online (2025 Diwali Sale)})"
"(:Blog {path: /blogs/posts/weaves-of-india, title: Weaves of India})",[:RELATED_COLLECTION {overlap: 3}],"(:Collection {path: /collections/saura-art, title: Saura Art})"
"(:Blog {path: /blogs/posts/wedding-gift-ideas-inspired-by-traditional-indian-art, title: Wedding Gift Ideas Inspired by Traditional Indian Art})",[:RELATED_COLLECTION {overlap: 3}],"(:Collection {path: /collections/saura-art, title: Saura Art})"
"(:Blog {path: /blogs/posts/the-mud-work-of-kutch-lippan, title: The Mud Work of Kutch: Lippan Kaam})",[:RELATED_COLLECTION {overlap: 3}],"(:Collection {path: /collections/saura-art, title: Saura Art})"
"(:Blog {path: /blogs/posts/lord-ganesha-in-traditional-indian-art, title: Lord Ganesha in Traditional Indian Art})",[:RELATED_COLLECTION {overlap: 3}],"(:Collection {path: /collections/exclusive-luxury-indian-art, title: Best Exclusive Artworks: Museum-Quality Indian Fine Art (₹80k+)})"
"(:Blog {path: /blogs/posts/ganesha, title: Lord Ganesha- The Lord of New Beginnings})",[:RELATED_COLLECTION {overlap: 3}],"(:Collection {path: /collections/durga-paintings-collection, title: Durga Paintings collection})"
"(:Blog {path: /blogs/posts/the-city-of-barmer-all-you-need-to-know, title: The City of Barmer: All You Need To Know})",[:RELATED_COLLECTION {overlap: 3}],"(:Collection {path: /collections/pithora, title: Pithora Art – Sacred Expressions from the Bhil & Rathwa Tribes})"
"(:Blog {path: /blogs/posts/kantha-the-embroidered-threads-of-bengal, title: Kantha – the embroidered threads of Bengal})",[:RELATED_COLLECTION {overlap: 3}],"(:Collection {path: /collections/pithora, title: Pithora Art – Sacred Expressions from the Bhil & Rathwa Tribes})"
"(:Blog {path: /blogs/posts/bhil-art, title: Bhil Art- Uniqueness in Simplicity.})",[:RELATED_COLLECTION {overlap: 3}],"(:Collection {path: /collections/pithora, title: Pithora Art – Sacred Expressions from the Bhil & Rathwa Tribes})"
"(:Blog {path: /blogs/posts/how-to-start-a-personal-collection-of-indian-folk-paintings, title: How to Start a Personal Collection of Indian Folk Paintings})",[:RELATED_COLLECTION {overlap: 3}],"(:Collection {path: /collections/pithora, title: Pithora Art – Sacred Expressions from the Bhil & Rathwa Tribes})"
"(:Blog {path: /blogs/posts/aipan-art-the-uttaranchal-legacy, title: Aipan Art: A Treasured Legacy of Uttarakhand})",[:RELATED_COLLECTION {overlap: 3}],"(:Collection {path: /collections/artwork-of-assam, title: Handmade traditional art of Assam})"
"(:Blog {path: /blogs/posts/love-and-romance-in-indian-miniature-paintings, title: Love and Romance in Indian Miniature Paintings})",[:RELATED_COLLECTION {overlap: 3}],"(:Collection {path: /collections/artwork-of-assam, title: Handmade traditional art of Assam})"
"(:Blog {path: /blogs/posts/themes-and-symbolism-in-kalamkari-art-a-cultural-and-historical-perspective, title: Themes and Symbolism in Kalamkari Art: A Cultural and Historical Perspective})",[:RELATED_COLLECTION {overlap: 3}],"(:Collection {path: /collections/artwork-of-assam, title: Handmade traditional art of Assam})"
"(:Blog {path: /blogs/posts/wedding-gift-ideas-inspired-by-traditional-indian-art, title: Wedding Gift Ideas Inspired by Traditional Indian Art})",[:RELATED_COLLECTION {overlap: 4}],"(:Collection {path: /collections/artwork-of-assam, title: Handmade traditional art of Assam})"
"(:Blog {path: /blogs/posts/storytelling-in-tribal-and-folk-art-forms, title: Storytelling in Tribal and Folk Art Forms})",[:RELATED_COLLECTION {overlap: 3}],"(:Collection {path: /collections/artwork-of-assam, title: Handmade traditional art of Assam})"
"(:Blog {path: /blogs/posts/decoding-the-hidden-symbolism-in-chamba-rumal-embroidery, title: Decoding the Hidden Symbolism in Chamba Rumal Embroidery})",[:RELATED_COLLECTION {overlap: 3}],"(:Collection {path: /collections/artwork-of-assam, title: Handmade traditional art of Assam})"
"(:Blog {path: /blogs/posts/the-art-of-stone-dust, title: The Art of Stone Dust})",[:RELATED_COLLECTION {overlap: 4}],"(:Collection {path: /collections/wood-inlay-work, title: Wood Inlay Work})"
"(:Blog {path: /blogs/posts/drawing-inspiration-from-tradition-sustainable-practices-in-indian-art, title: Drawing Inspiration from Tradition: Sustainable Practices in Indian Art})",[:RELATED_COLLECTION {overlap: 3}],"(:Collection {path: /collections/wood-inlay-work, title: Wood Inlay Work})"
"(:Blog {path: /blogs/posts/diy-ganesh-chaturthi-gifts-crafting-heartfelt-blessings, title: DIY Ganesh Chaturthi Gifts: Crafting Heartfelt Blessings})",[:RELATED_COLLECTION {overlap: 3}],"(:Collection {path: /collections/anil-wangad, title: Anil Wangad})"
"(:Blog {path: /blogs/posts/puppet-traditions-of-india, title: Puppet Traditions of India})",[:RELATED_COLLECTION {overlap: 3}],"(:Collection {path: /collections/kashmiri-art-a-legacy-of-elegance-tradition, title: Kashmiri Art: A Legacy of Elegance & Tradition})"
"(:Blog {path: /blogs/posts/storytelling-through-indian-tribal-and-folk-arts, title: Storytelling through Indian Tribal and Folk Arts})",[:RELATED_COLLECTION {overlap: 4}],"(:Collection {path: /collections/kashmiri-art-a-legacy-of-elegance-tradition, title: Kashmiri Art: A Legacy of Elegance & Tradition})"
"(:Blog {path: /blogs/posts/aipan-art-the-uttaranchal-legacy, title: Aipan Art: A Treasured Legacy of Uttarakhand})",[:RELATED_COLLECTION {overlap: 3}],"(:Collection {path: /collections/kashmiri-art-a-legacy-of-elegance-tradition, title: Kashmiri Art: A Legacy of Elegance & Tradition})"
"(:Blog {path: /blogs/posts/themes-and-symbolism-in-kalamkari-art-a-cultural-and-historical-perspective, title: Themes and Symbolism in Kalamkari Art: A Cultural and Historical Perspective})",[:RELATED_COLLECTION {overlap: 4}],"(:Collection {path: /collections/kashmiri-art-a-legacy-of-elegance-tradition, title: Kashmiri Art: A Legacy of Elegance & Tradition})"
"(:Blog {path: /blogs/posts/wedding-gift-ideas-inspired-by-traditional-indian-art, title: Wedding Gift Ideas Inspired by Traditional Indian Art})",[:RELATED_COLLECTION {overlap: 3}],"(:Collection {path: /collections/kashmiri-art-a-legacy-of-elegance-tradition, title: Kashmiri Art: A Legacy of Elegance & Tradition})"
"(:Blog {path: /blogs/posts/storytelling-in-tribal-and-folk-art-forms, title: Storytelling in Tribal and Folk Art Forms})",[:RELATED_COLLECTION {overlap: 5}],"(:Collection {path: /collections/kashmiri-art-a-legacy-of-elegance-tradition, title: Kashmiri Art: A Legacy of Elegance & Tradition})"
"(:Blog {path: /blogs/posts/decoding-the-hidden-symbolism-in-chamba-rumal-embroidery, title: Decoding the Hidden Symbolism in Chamba Rumal Embroidery})",[:RELATED_COLLECTION {overlap: 3}],"(:Collection {path: /collections/kashmiri-art-a-legacy-of-elegance-tradition, title: Kashmiri Art: A Legacy of Elegance & Tradition})"
"(:Blog {path: /blogs/posts/block-printing-the-rarity-of-fabrics-made-by-hand, title: Block Printing: The Rarity of Fabrics Made by Hand})",[:RELATED_COLLECTION {overlap: 3}],"(:Collection {path: /collections/mahamaya-sikdar, title: Mahamaya Sikdar})"
"(:Blog {path: /blogs/posts/human-animal-hybrids-as-a-motif-in-indian-folklores, title: Human-Animal Hybrids as a Motif in Indian Folklores})",[:RELATED_COLLECTION {overlap: 7}],"(:Collection {path: /collections/mahamaya-sikdar, title: Mahamaya Sikdar})"
"(:Blog {path: /blogs/posts/patangarh-unveiling-the-riches-of-a-timeless-village, title: Patangarh: Unveiling the Riches of a Timeless Village})",[:RELATED_COLLECTION {overlap: 3}],"(:Collection {path: /collections/mahamaya-sikdar, title: Mahamaya Sikdar})"
"(:Blog {path: /blogs/posts/exploring-the-different-styles-of-kalamkari-art, title: Exploring the Different Styles of Kalamkari Art})",[:RELATED_COLLECTION {overlap: 3}],"(:Collection {path: /collections/nirmal-toys, title: Nirmal toys})"
"(:Blog {path: /blogs/posts/the-pioneering-women-artists-of-bhil-art, title: The Pioneering Women of Bhil Art})",[:RELATED_COLLECTION {overlap: 7}],"(:Collection {path: /collections/nirmal-toys, title: Nirmal toys})"
"(:Blog {path: /blogs/posts/kavands-exploring-the-siddi-traditional-craft, title: Kavands: Exploring the Siddi Traditional Craft})",[:RELATED_COLLECTION {overlap: 3}],"(:Collection {path: /collections/nirmal-toys, title: Nirmal toys})"
"(:Blog {path: /blogs/posts/the-process-of-kalamkari-explained, title: The Process of Kalamkari Explained})",[:RELATED_COLLECTION {overlap: 3}],"(:Collection {path: /collections/artwork-of-sikkim, title: Art of Sikkim})"
"(:Blog {path: /blogs/posts/famous-kalamkari-paintings-and-artists, title: Famous Kalamkari Paintings and Artists})",[:RELATED_COLLECTION {overlap: 3}],"(:Collection {path: /collections/artwork-of-sikkim, title: Art of Sikkim})"
"(:Blog {path: /blogs/posts/machilipatnam-kalamkari-the-timeless-art-of-block-printing, title: Machilipatnam Kalamkari: The Timeless Art of Block Printing})",[:RELATED_COLLECTION {overlap: 4}],"(:Collection {path: /collections/artwork-of-sikkim, title: Art of Sikkim})"
"(:Blog {path: /blogs/posts/themes-and-symbolism-in-kalamkari-art-a-cultural-and-historical-perspective, title: Themes and Symbolism in Kalamkari Art: A Cultural and Historical Perspective})",[:RELATED_COLLECTION {overlap: 3}],"(:Collection {path: /collections/artwork-of-sikkim, title: Art of Sikkim})"
"(:Blog {path: /blogs/posts/kalamkari-craftsmanship-with-bamboo-pens, title: Kalamkari, craftsmanship with bamboo pens})",[:RELATED_COLLECTION {overlap: 3}],"(:Collection {path: /collections/artwork-of-sikkim, title: Art of Sikkim})"
"(:Blog {path: /blogs/posts/the-city-of-barmer-all-you-need-to-know, title: The City of Barmer: All You Need To Know})",[:RELATED_COLLECTION {overlap: 3}],"(:Collection {path: /collections/krishna-tashi-palmo, title: Krishna Tashi Palmo})"
"(:Blog {path: /blogs/posts/floor-paintings-of-india, title: FLOOR PAINTINGS OF INDIA})",[:RELATED_COLLECTION {overlap: 3}],"(:Collection {path: /collections/krishna-tashi-palmo, title: Krishna Tashi Palmo})"
"(:Blog {path: /blogs/posts/the-moonscape-of-kishangarh, title: The Moonscape of Kishangarh})",[:RELATED_COLLECTION {overlap: 3}],"(:Collection {path: /pages/contact-us, title: Contact Us})"
"(:Blog {path: /blogs/posts/who-are-the-bhils, title: Who are the Bhils?})",[:RELATED_COLLECTION {overlap: 3}],"(:Collection {path: /pages/contact-us, title: Contact Us})"
"(:Blog {path: /blogs/posts/block-printing-and-resist-dyeing-traditions-of-india, title: Block Printing and Resist Dyeing Traditions of India})",[:RELATED_COLLECTION {overlap: 3}],"(:Collection {path: /pages/contact-us, title: Contact Us})"
"(:Blog {path: /blogs/posts/difference-between-folk-art-and-tribal-art-a-clear-visual-guide, title: Difference Between Folk Art and Tribal Art: A Clear Visual Guide})",[:RELATED_COLLECTION {overlap: 3}],"(:Collection {path: /pages/contact-us, title: Contact Us})"
"(:Blog {path: /blogs/posts/study-of-sohrai-and-kohvar-art-of-jharkhand-india-in-comparison-with-dogon-rock-paintings-of-mali-africa, title: Study of Sohrai and Kohvar art of Jharkhand, India in comparison with Dogon rock paintings of Mali, Africa})",[:RELATED_COLLECTION {overlap: 5}],"(:Collection {path: /pages/contact-us, title: Contact Us})"
"(:Blog {path: /blogs/posts/mughal-miniatures, title: Mughal Miniatures})",[:RELATED_COLLECTION {overlap: 5}],"(:Collection {path: /pages/contact-us, title: Contact Us})"
"(:Blog {path: /blogs/posts/lord-ganesha-in-traditional-indian-art, title: Lord Ganesha in Traditional Indian Art})",[:RELATED_COLLECTION {overlap: 3}],"(:Collection {path: /pages/contact-us, title: Contact Us})"
"(:Blog {path: /blogs/posts/the-currency-of-craft-how-handicrafts-survive-capitalism, title: The Currency of Craft: How Handicrafts Survive Capitalism})",[:RELATED_COLLECTION {overlap: 4}],"(:Collection {path: /pages/contact-us, title: Contact Us})"
"(:Blog {path: /blogs/posts/gustav-klimt-and-the-echoes-of-indian-folk-tribal-arts-a-dialogue-across-time, title: Gustav Klimt and the Echoes of Indian Folk & Tribal Arts: A Dialogue Across Time})",[:RELATED_COLLECTION {overlap: 3}],"(:Collection {path: /pages/contact-us, title: Contact Us})"
"(:Blog {path: /blogs/art-guides/how-to-pick-your-first-traditional-indian-artwork, title: How to Pick Your First Traditional Indian Artwork})",[:RELATED_COLLECTION {overlap: 3}],"(:Collection {path: /pages/contact-us, title: Contact Us})"
"(:Blog {path: /blogs/art-guides/step-by-step-guide-to-shopping-from-memeraki, title: Step-by-Step Guide to Shopping from Memeraki})",[:RELATED_COLLECTION {overlap: 3}],"(:Collection {path: /pages/contact-us, title: Contact Us})"
"(:Blog {path: /blogs/posts/why-imperfection-is-important-in-folk-art, title: Why Imperfection is Important in Folk Art})",[:RELATED_COLLECTION {overlap: 3}],"(:Collection {path: /pages/contact-us, title: Contact Us})"
"(:Blog {path: /blogs/posts/how-to-start-a-personal-collection-of-indian-folk-paintings, title: How to Start a Personal Collection of Indian Folk Paintings})",[:RELATED_COLLECTION {overlap: 3}],"(:Collection {path: /pages/contact-us, title: Contact Us})"
"(:Blog {path: /blogs/posts/reflections-of-the-self-what-your-favorite-indian-art-style-reveals-about-you, title: Reflections of the Self: What Your Favorite Indian Art Style Reveals About You})",[:RELATED_COLLECTION {overlap: 3}],"(:Collection {path: /pages/contact-us, title: Contact Us})"
"(:Blog {path: /blogs/posts/pichwai-as-a-timeless-investment-the-art-collectors-guide, title: Pichwai as a Timeless Investment–The Art Collectors’ Guide})",[:RELATED_COLLECTION {overlap: 4}],"(:Collection {path: /collections/artwork-of-kerala, title: Kerala, rich heritage of arts and crafts})"
"(:Blog {path: /blogs/posts/the-evolution-of-thanjavur-paintings-a-cultural-synthesis-of-indian-art-and-heritage, title: The Evolution of Thanjavur Paintings: Unraveling the Influences that Shaped Them})",[:RELATED_COLLECTION {overlap: 4}],"(:Collection {path: /collections/artwork-of-kerala, title: Kerala, rich heritage of arts and crafts})"
"(:Blog {path: /blogs/posts/the-art-of-home-decor-why-you-should-embrace-pichwai-art, title: The Art of Home Decor: Why you should embrace Pichwai Art})",[:RELATED_COLLECTION {overlap: 3}],"(:Collection {path: /collections/artwork-of-kerala, title: Kerala, rich heritage of arts and crafts})"
"(:Blog {path: /blogs/posts/exploring-pichwai-art-a-traditional-artistic-legacy-of-rajasthan, title: Exploring Pichwai Art : A Traditional Artistic Legacy of Rajasthan})",[:RELATED_COLLECTION {overlap: 4}],"(:Collection {path: /collections/artwork-of-kerala, title: Kerala, rich heritage of arts and crafts})"
"(:Blog {path: /blogs/art-guides/how-to-pick-your-first-traditional-indian-artwork, title: How to Pick Your First Traditional Indian Artwork})",[:RELATED_COLLECTION {overlap: 3}],"(:Collection {path: /collections/artwork-of-kerala, title: Kerala, rich heritage of arts and crafts})"
"(:Blog {path: /blogs/posts/tholu-bommalata-the-puppeteers-of-andhra-pradesh, title: Tholu Bommalata - The Puppeteers of Andhra Pradesh})",[:RELATED_COLLECTION {overlap: 5}],"(:Collection {path: /collections/buddha-paintings, title: Buddha Paintings})"
"(:Blog {path: /blogs/posts/rural-women-guardians-of-artistic-legacy, title: Women From Rural India: Guardians of Artistic Legacy})",[:RELATED_COLLECTION {overlap: 3}],"(:Collection {path: /collections/kantha-embroidery, title: Kantha Embroidery})"
"(:Blog {path: /blogs/posts/bridal-jewelry-across-india-a-legacy-of-craft-culture-and-captivating-history, title: Bridal Jewelry Across India: A Legacy of Craft, Culture, and Captivating History})",[:RELATED_COLLECTION {overlap: 3}],"(:Collection {path: /collections/black, title: Black Art Paintings for Wall – Handcrafted Indian Folk Art})"
"(:Blog {path: /blogs/posts/block-printing-the-rarity-of-fabrics-made-by-hand, title: Block Printing: The Rarity of Fabrics Made by Hand})",[:RELATED_COLLECTION {overlap: 3}],"(:Collection {path: /collections/jayesh-sharma, title: Jayesh Sharma})"
"(:Blog {path: /blogs/posts/pichwai-as-a-timeless-investment-the-art-collectors-guide, title: Pichwai as a Timeless Investment–The Art Collectors’ Guide})",[:RELATED_COLLECTION {overlap: 4}],"(:Collection {path: /collections/jayesh-sharma, title: Jayesh Sharma})"
"(:Blog {path: /blogs/posts/the-ritual-art-of-pithora-wall-paintings, title: The Ritual Art Of Pithora Wall Paintings})",[:RELATED_COLLECTION {overlap: 3}],"(:Collection {path: /collections/jayesh-sharma, title: Jayesh Sharma})"
"(:Blog {path: /blogs/posts/molela-terracotta-craft, title: Molela Terracotta: A Rajasthani Craft})",[:RELATED_COLLECTION {overlap: 3}],"(:Collection {path: /collections/jayesh-sharma, title: Jayesh Sharma})"
"(:Blog {path: /blogs/posts/bhil-art, title: Bhil Art- Uniqueness in Simplicity.})",[:RELATED_COLLECTION {overlap: 3}],"(:Collection {path: /collections/jayesh-sharma, title: Jayesh Sharma})"
"(:Blog {path: /blogs/posts/nathdwara-the-city-of-lord-krishna, title: Nathdwara: The City of Lord Krishna})",[:RELATED_COLLECTION {overlap: 4}],"(:Collection {path: /collections/jayesh-sharma, title: Jayesh Sharma})"
"(:Blog {path: /blogs/posts/seeking-meanings-reading-symbolic-motifs-in-mandana, title: Seeking Meanings: Reading Symbolic Motifs in Mandana})",[:RELATED_COLLECTION {overlap: 3}],"(:Collection {path: /collections/jayesh-sharma, title: Jayesh Sharma})"
"(:Blog {path: /blogs/posts/patangarh-unveiling-the-riches-of-a-timeless-village, title: Patangarh: Unveiling the Riches of a Timeless Village})",[:RELATED_COLLECTION {overlap: 3}],"(:Collection {path: /collections/jayesh-sharma, title: Jayesh Sharma})"
"(:Blog {path: /blogs/posts/exploring-pichwai-art-a-traditional-artistic-legacy-of-rajasthan, title: Exploring Pichwai Art : A Traditional Artistic Legacy of Rajasthan})",[:RELATED_COLLECTION {overlap: 3}],"(:Collection {path: /collections/jayesh-sharma, title: Jayesh Sharma})"
"(:Blog {path: /blogs/posts/the-role-of-clay-in-preserving-adivasi-heritage, title: The Role of Clay Art in Preserving India's Intangible Adivasi Heritage})",[:RELATED_COLLECTION {overlap: 3}],"(:Collection {path: /collections/jayesh-sharma, title: Jayesh Sharma})"
"(:Blog {path: /blogs/news-and-events/national-startup-award-2025-how-memeraki-is-scaling-indian-heritage-through-culture-tech, title: National Startup Award 2025: How MeMeraki Is Scaling Indian Heritage Through Culture-Tech})",[:RELATED_COLLECTION {overlap: 3}],"(:Collection {path: /collections/songs-of-the-forest-a-gond-narrative, title: Songs of the Forest: A Gond Narrative})"
"(:Blog {path: /blogs/posts/block-printing-the-rarity-of-fabrics-made-by-hand, title: Block Printing: The Rarity of Fabrics Made by Hand})",[:RELATED_COLLECTION {overlap: 3}],"(:Collection {path: /collections/diwali-paintings, title: Find the Perfect Diwali Gifts: Diwali  Decorations and Paintings})"
"(:Blog {path: /blogs/posts/arts-and-crafts-of-gujarat, title: Arts and Crafts of Gujarat})",[:RELATED_COLLECTION {overlap: 3}],"(:Collection {path: /collections/diwali-paintings, title: Find the Perfect Diwali Gifts: Diwali  Decorations and Paintings})"
"(:Blog {path: /blogs/posts/persian-influence-on-mughal-miniature-paintings, title: From Persia to India: The Historical Fusion in Mughal Miniature Paintings})",[:RELATED_COLLECTION {overlap: 3}],"(:Collection {path: /collections/avinash-karn, title: Avinash Karn})"
"(:Blog {path: /blogs/posts/mughal-miniatures, title: Mughal Miniatures})",[:RELATED_COLLECTION {overlap: 3}],"(:Collection {path: /collections/swarna-chitrakar, title: Swarna Chitrakar})"
"(:Blog {path: /blogs/posts/how-to-start-a-personal-collection-of-indian-folk-paintings, title: How to Start a Personal Collection of Indian Folk Paintings})",[:RELATED_COLLECTION {overlap: 3}],"(:Collection {path: /collections/swarna-chitrakar, title: Swarna Chitrakar})"
"(:Blog {path: /blogs/posts/festivals-through-art, title: Festivals Through Art})",[:RELATED_COLLECTION {overlap: 4}],"(:Collection {path: /collections/odisha-paper-mache, title: Odisha Paper Mache Masks})"
"(:Blog {path: /blogs/posts/crafts-of-holi-indias-festive-artistry, title: Crafts of Holi: India's Festive Artistry})",[:RELATED_COLLECTION {overlap: 3}],"(:Collection {path: /collections/odisha-paper-mache, title: Odisha Paper Mache Masks})"
"(:Blog {path: /blogs/posts/molela-village-a-hidden-gem-of-traditional-crafts, title: Molela Village: A Hidden Gem of Traditional Crafts})",[:RELATED_COLLECTION {overlap: 3}],"(:Collection {path: /collections/odisha-paper-mache, title: Odisha Paper Mache Masks})"
"(:Blog {path: /blogs/posts/nathdwara-the-city-of-lord-krishna, title: Nathdwara: The City of Lord Krishna})",[:RELATED_COLLECTION {overlap: 3}],"(:Collection {path: /collections/odisha-paper-mache, title: Odisha Paper Mache Masks})"
"(:Blog {path: /blogs/posts/the-evolution-of-thanjavur-paintings-a-cultural-synthesis-of-indian-art-and-heritage, title: The Evolution of Thanjavur Paintings: Unraveling the Influences that Shaped Them})",[:RELATED_COLLECTION {overlap: 3}],"(:Collection {path: /collections/odisha-paper-mache, title: Odisha Paper Mache Masks})"
"(:Blog {path: /blogs/posts/the-art-of-home-decor-why-you-should-embrace-pichwai-art, title: The Art of Home Decor: Why you should embrace Pichwai Art})",[:RELATED_COLLECTION {overlap: 3}],"(:Collection {path: /collections/odisha-paper-mache, title: Odisha Paper Mache Masks})"
"(:Blog {path: /blogs/posts/shreenathji-temple-architecture-first-impressions, title: Shreenathji Temple Architecture: First Impressions})",[:RELATED_COLLECTION {overlap: 3}],"(:Collection {path: /collections/odisha-paper-mache, title: Odisha Paper Mache Masks})"
"(:Blog {path: /blogs/art-guides/how-to-pick-your-first-traditional-indian-artwork, title: How to Pick Your First Traditional Indian Artwork})",[:RELATED_COLLECTION {overlap: 3}],"(:Collection {path: /collections/odisha-paper-mache, title: Odisha Paper Mache Masks})"
"(:Blog {path: /blogs/posts/the-evolution-of-motifs-from-ancient-symbols-to-modern-interpretation-in-indian-art, title: The Evolution of Motifs: From Ancient Symbols to Modern Interpretation in Indian Art})",[:RELATED_COLLECTION {overlap: 3}],"(:Collection {path: /collections/sai-kiran-dhanalakota, title: Sai Kiran Dhanalakota})"
"(:Blog {path: /blogs/posts/weaves-of-india, title: Weaves of India})",[:RELATED_COLLECTION {overlap: 3}],"(:Collection {path: /collections/sai-kiran-dhanalakota, title: Sai Kiran Dhanalakota})"
"(:Blog {path: /blogs/posts/aipan-art-the-uttaranchal-legacy, title: Aipan Art: A Treasured Legacy of Uttarakhand})",[:RELATED_COLLECTION {overlap: 3}],"(:Collection {path: /collections/sai-kiran-dhanalakota, title: Sai Kiran Dhanalakota})"
"(:Blog {path: /blogs/posts/development-of-indian-miniature-paintings-of-the-rajput-style, title: Development of Indian miniature paintings of the Rajput style})",[:RELATED_COLLECTION {overlap: 3}],"(:Collection {path: /collections/sai-kiran-dhanalakota, title: Sai Kiran Dhanalakota})"
"(:Blog {path: /blogs/posts/exploring-the-different-styles-of-kalamkari-art, title: Exploring the Different Styles of Kalamkari Art})",[:RELATED_COLLECTION {overlap: 4}],"(:Collection {path: /collections/sai-kiran-dhanalakota, title: Sai Kiran Dhanalakota})"
"(:Blog {path: /blogs/posts/themes-and-symbolism-in-kalamkari-art-a-cultural-and-historical-perspective, title: Themes and Symbolism in Kalamkari Art: A Cultural and Historical Perspective})",[:RELATED_COLLECTION {overlap: 3}],"(:Collection {path: /collections/sai-kiran-dhanalakota, title: Sai Kiran Dhanalakota})"
"(:Blog {path: /blogs/posts/the-mud-work-of-kutch-lippan, title: The Mud Work of Kutch: Lippan Kaam})",[:RELATED_COLLECTION {overlap: 3}],"(:Collection {path: /collections/sai-kiran-dhanalakota, title: Sai Kiran Dhanalakota})"
"(:Blog {path: /blogs/posts/the-pioneering-women-artists-of-bhil-art, title: The Pioneering Women of Bhil Art})",[:RELATED_COLLECTION {overlap: 3}],"(:Collection {path: /collections/sai-kiran-dhanalakota, title: Sai Kiran Dhanalakota})"
"(:Blog {path: /blogs/posts/block-printing-the-rarity-of-fabrics-made-by-hand, title: Block Printing: The Rarity of Fabrics Made by Hand})",[:RELATED_COLLECTION {overlap: 3}],"(:Collection {path: /collections/geeta-bariya, title: Geeta Bariya})"
"(:Blog {path: /blogs/posts/the-city-of-barmer-all-you-need-to-know, title: The City of Barmer: All You Need To Know})",[:RELATED_COLLECTION {overlap: 4}],"(:Collection {path: /collections/geeta-bariya, title: Geeta Bariya})"
"(:Blog {path: /blogs/posts/hampi-the-enigmatic-marvel-of-india, title: HAMPI:  THE ENIGMATIC MARVEL OF INDIA})",[:RELATED_COLLECTION {overlap: 5}],"(:Collection {path: /collections/geeta-bariya, title: Geeta Bariya})"
"(:Blog {path: /blogs/posts/how-is-diwali-celebrated-in-indian-states, title: The Kaleidoscope of Diwali: Celebrations from North to South, East to West})",[:RELATED_COLLECTION {overlap: 5}],"(:Collection {path: /collections/geeta-bariya, title: Geeta Bariya})"
"(:Blog {path: /blogs/posts/a-brief-history-of-kishangarh-school-of-miniature-paintings, title: A Brief History of Kishangarh School of Miniature Paintings})",[:RELATED_COLLECTION {overlap: 3}],"(:Collection {path: /collections/geeta-bariya, title: Geeta Bariya})"
"(:Blog {path: /blogs/posts/seeking-meanings-reading-symbolic-motifs-in-mandana, title: Seeking Meanings: Reading Symbolic Motifs in Mandana})",[:RELATED_COLLECTION {overlap: 10}],"(:Collection {path: /collections/geeta-bariya, title: Geeta Bariya})"
"(:Blog {path: /blogs/posts/how-to-start-a-personal-collection-of-indian-folk-paintings, title: How to Start a Personal Collection of Indian Folk Paintings})",[:RELATED_COLLECTION {overlap: 3}],"(:Collection {path: /collections/geeta-bariya, title: Geeta Bariya})"
"(:Blog {path: /blogs/posts/the-moonscape-of-kishangarh, title: The Moonscape of Kishangarh})",[:RELATED_COLLECTION {overlap: 3}],"(:Collection {path: /collections/sudheer, title: Sudheer})"
"(:Blog {path: /blogs/posts/who-are-the-bhils, title: Who are the Bhils?})",[:RELATED_COLLECTION {overlap: 3}],"(:Collection {path: /collections/sudheer, title: Sudheer})"
"(:Blog {path: /blogs/posts/difference-between-folk-art-and-tribal-art-a-clear-visual-guide, title: Difference Between Folk Art and Tribal Art: A Clear Visual Guide})",[:RELATED_COLLECTION {overlap: 3}],"(:Collection {path: /collections/sudheer, title: Sudheer})"
"(:Blog {path: /blogs/posts/study-of-sohrai-and-kohvar-art-of-jharkhand-india-in-comparison-with-dogon-rock-paintings-of-mali-africa, title: Study of Sohrai and Kohvar art of Jharkhand, India in comparison with Dogon rock paintings of Mali, Africa})",[:RELATED_COLLECTION {overlap: 3}],"(:Collection {path: /collections/sudheer, title: Sudheer})"
"(:Blog {path: /blogs/posts/mughal-miniatures, title: Mughal Miniatures})",[:RELATED_COLLECTION {overlap: 4}],"(:Collection {path: /collections/sudheer, title: Sudheer})"
"(:Blog {path: /blogs/posts/the-currency-of-craft-how-handicrafts-survive-capitalism, title: The Currency of Craft: How Handicrafts Survive Capitalism})",[:RELATED_COLLECTION {overlap: 4}],"(:Collection {path: /collections/sudheer, title: Sudheer})"
"(:Blog {path: /blogs/posts/why-imperfection-is-important-in-folk-art, title: Why Imperfection is Important in Folk Art})",[:RELATED_COLLECTION {overlap: 3}],"(:Collection {path: /collections/sudheer, title: Sudheer})"
"(:Blog {path: /blogs/posts/how-to-start-a-personal-collection-of-indian-folk-paintings, title: How to Start a Personal Collection of Indian Folk Paintings})",[:RELATED_COLLECTION {overlap: 3}],"(:Collection {path: /collections/sudheer, title: Sudheer})"
"(:Blog {path: /blogs/posts/reflections-of-the-self-what-your-favorite-indian-art-style-reveals-about-you, title: Reflections of the Self: What Your Favorite Indian Art Style Reveals About You})",[:RELATED_COLLECTION {overlap: 3}],"(:Collection {path: /collections/sudheer, title: Sudheer})"
"(:Blog {path: /blogs/posts/understanding-the-symbolism-of-motifs-in-madhubani-art, title: Understanding the Symbolism of Motifs in Madhubani Art})",[:RELATED_COLLECTION {overlap: 3}],"(:Collection {path: /collections/kurumba, title: Kurumba})"
"(:Blog {path: /blogs/posts/the-pioneering-women-artists-of-bhil-art, title: The Pioneering Women of Bhil Art})",[:RELATED_COLLECTION {overlap: 3}],"(:Collection {path: /collections/kurumba, title: Kurumba})"
"(:Blog {path: /blogs/posts/symbolism-in-indian-tribal-art-forms, title: Symbolism In Indian Tribal Art Forms})",[:RELATED_COLLECTION {overlap: 3}],"(:Collection {path: /collections/artwork-of-jharkhand, title: Authentic folk art collection of Jharkhand})"
"(:Blog {path: /blogs/posts/art-and-craft-map-of-rajasthan, title: Art and Craft Map of Rajasthan})",[:RELATED_COLLECTION {overlap: 3}],"(:Collection {path: /collections/artwork-of-jharkhand, title: Authentic folk art collection of Jharkhand})"
"(:Blog {path: /blogs/posts/signature-patterns-in-gond-art, title: Signature Patterns in Gond Art})",[:RELATED_COLLECTION {overlap: 3}],"(:Collection {path: /collections/artwork-of-jharkhand, title: Authentic folk art collection of Jharkhand})"
"(:Blog {path: /blogs/posts/15-inspiring-lakshmi-and-ganesha-painting-ideas-for-diwali, title: 15 inspiring Lakshmi and Ganesha painting ideas for Diwali})",[:RELATED_COLLECTION {overlap: 3}],"(:Collection {path: /collections/acrylic-paintings-traditional-modern-indian-expressions, title: Acrylic Paintings – Traditional & Modern Indian Expressions})"
"(:Blog {path: /blogs/posts/symbolism-of-elephants-in-indian-arts, title: Symbolism of Elephants in Indian Arts})",[:RELATED_COLLECTION {overlap: 4}],"(:Collection {path: /collections/acrylic-paintings-traditional-modern-indian-expressions, title: Acrylic Paintings – Traditional & Modern Indian Expressions})"
"(:Blog {path: /blogs/posts/hands-that-speak-understanding-mudras-in-indian-art, title: Hands That Speak: Understanding Mudras in Indian art})",[:RELATED_COLLECTION {overlap: 3}],"(:Collection {path: /collections/acrylic-paintings-traditional-modern-indian-expressions, title: Acrylic Paintings – Traditional & Modern Indian Expressions})"
"(:Blog {path: /blogs/posts/the-evolution-of-motifs-from-ancient-symbols-to-modern-interpretation-in-indian-art, title: The Evolution of Motifs: From Ancient Symbols to Modern Interpretation in Indian Art})",[:RELATED_COLLECTION {overlap: 3}],"(:Collection {path: /collections/chitrakathi, title: Chitrakathi})"
"(:Blog {path: /blogs/posts/puppet-traditions-of-india, title: Puppet Traditions of India})",[:RELATED_COLLECTION {overlap: 3}],"(:Collection {path: /collections/chitrakathi, title: Chitrakathi})"
"(:Blog {path: /blogs/posts/storytelling-through-indian-tribal-and-folk-arts, title: Storytelling through Indian Tribal and Folk Arts})",[:RELATED_COLLECTION {overlap: 4}],"(:Collection {path: /collections/chitrakathi, title: Chitrakathi})"
"(:Blog {path: /blogs/posts/aipan-art-the-uttaranchal-legacy, title: Aipan Art: A Treasured Legacy of Uttarakhand})",[:RELATED_COLLECTION {overlap: 3}],"(:Collection {path: /collections/chitrakathi, title: Chitrakathi})"
"(:Blog {path: /blogs/posts/development-of-indian-miniature-paintings-of-the-rajput-style, title: Development of Indian miniature paintings of the Rajput style})",[:RELATED_COLLECTION {overlap: 3}],"(:Collection {path: /collections/chitrakathi, title: Chitrakathi})"
"(:Blog {path: /blogs/posts/love-and-romance-in-indian-miniature-paintings, title: Love and Romance in Indian Miniature Paintings})",[:RELATED_COLLECTION {overlap: 3}],"(:Collection {path: /collections/chitrakathi, title: Chitrakathi})"
"(:Blog {path: /blogs/posts/themes-and-symbolism-in-kalamkari-art-a-cultural-and-historical-perspective, title: Themes and Symbolism in Kalamkari Art: A Cultural and Historical Perspective})",[:RELATED_COLLECTION {overlap: 3}],"(:Collection {path: /collections/chitrakathi, title: Chitrakathi})"
"(:Blog {path: /blogs/posts/get-your-diy-on-5-indian-crafts-to-cure-boredom, title: Get Your DIY On: 5 Indian Crafts to Cure Boredom})",[:RELATED_COLLECTION {overlap: 3}],"(:Collection {path: /collections/chitrakathi, title: Chitrakathi})"
"(:Blog {path: /blogs/posts/kantha-the-embroidered-threads-of-bengal, title: Kantha – the embroidered threads of Bengal})",[:RELATED_COLLECTION {overlap: 3}],"(:Collection {path: /collections/chitrakathi, title: Chitrakathi})"
"(:Blog {path: /blogs/posts/wedding-gift-ideas-inspired-by-traditional-indian-art, title: Wedding Gift Ideas Inspired by Traditional Indian Art})",[:RELATED_COLLECTION {overlap: 4}],"(:Collection {path: /collections/chitrakathi, title: Chitrakathi})"
"(:Blog {path: /blogs/posts/a-traveller-s-guide-to-ayodhya, title: A traveller’s guide to Ayodhya})",[:RELATED_COLLECTION {overlap: 3}],"(:Collection {path: /collections/chitrakathi, title: Chitrakathi})"
"(:Blog {path: /blogs/posts/art-of-mysore-ganjifa-traditional-card-game-of-india, title: Art of Mysore Ganjifa: Traditional Card Game of India})",[:RELATED_COLLECTION {overlap: 3}],"(:Collection {path: /collections/chitrakathi, title: Chitrakathi})"
"(:Blog {path: /blogs/posts/bhil-art, title: Bhil Art- Uniqueness in Simplicity.})",[:RELATED_COLLECTION {overlap: 3}],"(:Collection {path: /collections/chitrakathi, title: Chitrakathi})"
"(:Blog {path: /blogs/posts/storytelling-in-tribal-and-folk-art-forms, title: Storytelling in Tribal and Folk Art Forms})",[:RELATED_COLLECTION {overlap: 3}],"(:Collection {path: /collections/chitrakathi, title: Chitrakathi})"
"(:Blog {path: /blogs/posts/decoding-the-hidden-symbolism-in-chamba-rumal-embroidery, title: Decoding the Hidden Symbolism in Chamba Rumal Embroidery})",[:RELATED_COLLECTION {overlap: 3}],"(:Collection {path: /collections/chitrakathi, title: Chitrakathi})"
"(:Blog {path: /blogs/posts/the-pioneering-women-artists-of-bhil-art, title: The Pioneering Women of Bhil Art})",[:RELATED_COLLECTION {overlap: 4}],"(:Collection {path: /collections/chitrakathi, title: Chitrakathi})"
"(:Blog {path: /blogs/posts/celebrating-shiv-parvati-a-journey-through-indian-art-traditions, title: Celebrating Shiv-Parvati: A Journey Through Indian Art Traditions})",[:RELATED_COLLECTION {overlap: 3}],"(:Collection {path: /collections/chitrakathi, title: Chitrakathi})"
"(:Blog {path: /blogs/posts/kashidakari-a-tale-of-two-states, title: Kashidakari – A tale of two states})",[:RELATED_COLLECTION {overlap: 3}],"(:Collection {path: /collections/ghazipur-wall-hanging, title: Ghazipur Wall Hanging})"
"(:Blog {path: /blogs/posts/madhubani-paintings-an-enduring-legacy-of-mithila, title: MADHUBANI PAINTINGS: AN ENDURING LEGACY OF MITHILA})",[:RELATED_COLLECTION {overlap: 3}],"(:Collection {path: /collections/ghazipur-wall-hanging, title: Ghazipur Wall Hanging})"
"(:Blog {path: /blogs/posts/symbolism-in-indian-tribal-art-forms, title: Symbolism In Indian Tribal Art Forms})",[:RELATED_COLLECTION {overlap: 3}],"(:Collection {path: /collections/ghazipur-wall-hanging, title: Ghazipur Wall Hanging})"
"(:Blog {path: /blogs/posts/wedding-gift-ideas-inspired-by-traditional-indian-art, title: Wedding Gift Ideas Inspired by Traditional Indian Art})",[:RELATED_COLLECTION {overlap: 4}],"(:Collection {path: /collections/ghazipur-wall-hanging, title: Ghazipur Wall Hanging})"
"(:Blog {path: /blogs/posts/majuli-mask-painting, title: Majuli Mask Painting})",[:RELATED_COLLECTION {overlap: 3}],"(:Collection {path: /collections/ghazipur-wall-hanging, title: Ghazipur Wall Hanging})"
"(:Blog {path: /blogs/posts/the-art-of-kantha, title: The Art of Kantha})",[:RELATED_COLLECTION {overlap: 3}],"(:Collection {path: /collections/ghazipur-wall-hanging, title: Ghazipur Wall Hanging})"
"(:Blog {path: /blogs/posts/signature-patterns-in-gond-art, title: Signature Patterns in Gond Art})",[:RELATED_COLLECTION {overlap: 4}],"(:Collection {path: /collections/ghazipur-wall-hanging, title: Ghazipur Wall Hanging})"
"(:Blog {path: /blogs/posts/symbolism-in-indian-tribal-art-forms, title: Symbolism In Indian Tribal Art Forms})",[:RELATED_COLLECTION {overlap: 4}],"(:Collection {path: /collections/Kailash-pradhan, title: Kailash Pradhan})"
"(:Blog {path: /blogs/posts/signature-patterns-in-gond-art, title: Signature Patterns in Gond Art})",[:RELATED_COLLECTION {overlap: 3}],"(:Collection {path: /collections/Kailash-pradhan, title: Kailash Pradhan})"
"(:Blog {path: /blogs/posts/the-evolution-of-gond-painting-from-walls-to-paper, title: The Evolution of Gond Painting From Walls to Paper})",[:RELATED_COLLECTION {overlap: 3}],"(:Collection {path: /collections/Kailash-pradhan, title: Kailash Pradhan})"
"(:Blog {path: /blogs/posts/decor-ideas-for-infusing-your-childrens-room-with-indigenous-art-and-10-ways-this-will-help-them, title: Decor ideas for infusing your children's room with indigenous art and 10 ways this will help them!})",[:RELATED_COLLECTION {overlap: 3}],"(:Collection {path: /collections/Kailash-pradhan, title: Kailash Pradhan})"
"(:Blog {path: /blogs/posts/block-printing-the-rarity-of-fabrics-made-by-hand, title: Block Printing: The Rarity of Fabrics Made by Hand})",[:RELATED_COLLECTION {overlap: 3}],"(:Collection {path: /collections/suresh-waghmare, title: Suresh Waghmare})"
"(:Blog {path: /blogs/posts/gond-art-residing-in-the-heart-of-india, title: Gond Art Residing in the Heart of India})",[:RELATED_COLLECTION {overlap: 3}],"(:Collection {path: /collections/suresh-waghmare, title: Suresh Waghmare})"
"(:Blog {path: /blogs/posts/mapping-indias-folk-music-styles, title: India's Folk Music Styles: A Map})",[:RELATED_COLLECTION {overlap: 4}],"(:Collection {path: /collections/suresh-waghmare, title: Suresh Waghmare})"
"(:Blog {path: /blogs/posts/the-beautiful-arts-of-bihar-manjusha-tikuli-madhubani, title: The beautiful arts of Bihar - Manjusha, Tikuli & Madhubani})",[:RELATED_COLLECTION {overlap: 3}],"(:Collection {path: /collections/suresh-waghmare, title: Suresh Waghmare})"
"(:Blog {path: /blogs/posts/the-gond-community-an-overview, title: The Gond Community: An Overview})",[:RELATED_COLLECTION {overlap: 4}],"(:Collection {path: /collections/suresh-waghmare, title: Suresh Waghmare})"
"(:Blog {path: /blogs/posts/kantha-the-embroidered-threads-of-bengal, title: Kantha – the embroidered threads of Bengal})",[:RELATED_COLLECTION {overlap: 3}],"(:Collection {path: /collections/suresh-waghmare, title: Suresh Waghmare})"
"(:Blog {path: /blogs/posts/majuli-mask-painting, title: Majuli Mask Painting})",[:RELATED_COLLECTION {overlap: 4}],"(:Collection {path: /collections/suresh-waghmare, title: Suresh Waghmare})"
"(:Blog {path: /blogs/posts/mughal-miniatures, title: Mughal Miniatures})",[:RELATED_COLLECTION {overlap: 3}],"(:Collection {path: /collections/suresh-waghmare, title: Suresh Waghmare})"
"(:Blog {path: /blogs/posts/comparative-analysis-of-prehistoric-indian-art-and-tribal-art-from-bhimbetka-to-gond-warli, title: Comparative Analysis of Prehistoric Indian Art and Tribal Art: From Bhimbetka to Gond & Warli})",[:RELATED_COLLECTION {overlap: 3}],"(:Collection {path: /collections/suresh-waghmare, title: Suresh Waghmare})"
"(:Blog {path: /blogs/posts/bhil-art, title: Bhil Art- Uniqueness in Simplicity.})",[:RELATED_COLLECTION {overlap: 3}],"(:Collection {path: /collections/suresh-waghmare, title: Suresh Waghmare})"
"(:Blog {path: /blogs/posts/signature-patterns-in-gond-art, title: Signature Patterns in Gond Art})",[:RELATED_COLLECTION {overlap: 4}],"(:Collection {path: /collections/suresh-waghmare, title: Suresh Waghmare})"
"(:Blog {path: /blogs/posts/seeking-meanings-reading-symbolic-motifs-in-mandana, title: Seeking Meanings: Reading Symbolic Motifs in Mandana})",[:RELATED_COLLECTION {overlap: 3}],"(:Collection {path: /collections/suresh-waghmare, title: Suresh Waghmare})"
"(:Blog {path: /blogs/art-guides/how-to-pick-your-first-traditional-indian-artwork, title: How to Pick Your First Traditional Indian Artwork})",[:RELATED_COLLECTION {overlap: 4}],"(:Collection {path: /collections/suresh-waghmare, title: Suresh Waghmare})"
"(:Blog {path: /blogs/posts/how-to-start-a-personal-collection-of-indian-folk-paintings, title: How to Start a Personal Collection of Indian Folk Paintings})",[:RELATED_COLLECTION {overlap: 4}],"(:Collection {path: /collections/suresh-waghmare, title: Suresh Waghmare})"
"(:Blog {path: /blogs/posts/themes-and-motifs-of-thanjavur-art, title: Themes and Motifs of Thanjavur Art})",[:RELATED_COLLECTION {overlap: 3}],"(:Collection {path: /collections/marodi-craft, title: Marodi Craft})"
"(:Blog {path: /blogs/posts/a-comparative-study-of-mysore-and-tanjore-paintings, title: A Comparative Study of Mysore and Tanjore Paintings})",[:RELATED_COLLECTION {overlap: 5}],"(:Collection {path: /collections/marodi-craft, title: Marodi Craft})"
"(:Blog {path: /blogs/posts/tanjore-paintings-a-beautiful-amalgamation-of-art-and-craft, title: Tanjore paintings, a beautiful amalgamation of art and craft})",[:RELATED_COLLECTION {overlap: 3}],"(:Collection {path: /collections/marodi-craft, title: Marodi Craft})"
"(:Blog {path: /blogs/posts/mapping-indias-folk-music-instruments, title: Mapping India's Folk Music Instruments})",[:RELATED_COLLECTION {overlap: 3}],"(:Collection {path: /collections/of-gods-and-trees-kalamkari-art-exhibition-at-triveni-by-memeraki, title: Of Gods and Trees, Kalamkari Art Exhibition at Triveni by MeMeraki})"
"(:Blog {path: /blogs/posts/the-process-of-kalamkari-explained, title: The Process of Kalamkari Explained})",[:RELATED_COLLECTION {overlap: 3}],"(:Collection {path: /collections/of-gods-and-trees-kalamkari-art-exhibition-at-triveni-by-memeraki, title: Of Gods and Trees, Kalamkari Art Exhibition at Triveni by MeMeraki})"
"(:Blog {path: /blogs/posts/famous-kalamkari-paintings-and-artists, title: Famous Kalamkari Paintings and Artists})",[:RELATED_COLLECTION {overlap: 3}],"(:Collection {path: /collections/of-gods-and-trees-kalamkari-art-exhibition-at-triveni-by-memeraki, title: Of Gods and Trees, Kalamkari Art Exhibition at Triveni by MeMeraki})"
"(:Blog {path: /blogs/posts/machilipatnam-kalamkari-the-timeless-art-of-block-printing, title: Machilipatnam Kalamkari: The Timeless Art of Block Printing})",[:RELATED_COLLECTION {overlap: 3}],"(:Collection {path: /collections/of-gods-and-trees-kalamkari-art-exhibition-at-triveni-by-memeraki, title: Of Gods and Trees, Kalamkari Art Exhibition at Triveni by MeMeraki})"
"(:Blog {path: /blogs/posts/themes-and-symbolism-in-kalamkari-art-a-cultural-and-historical-perspective, title: Themes and Symbolism in Kalamkari Art: A Cultural and Historical Perspective})",[:RELATED_COLLECTION {overlap: 3}],"(:Collection {path: /collections/of-gods-and-trees-kalamkari-art-exhibition-at-triveni-by-memeraki, title: Of Gods and Trees, Kalamkari Art Exhibition at Triveni by MeMeraki})"
"(:Blog {path: /blogs/posts/kalamkari-timeless-artform-of-ancient-india, title: Kalamkari- Timeless artform of ancient India})",[:RELATED_COLLECTION {overlap: 3}],"(:Collection {path: /collections/of-gods-and-trees-kalamkari-art-exhibition-at-triveni-by-memeraki, title: Of Gods and Trees, Kalamkari Art Exhibition at Triveni by MeMeraki})"
"(:Blog {path: /blogs/posts/gustav-klimt-and-the-echoes-of-indian-folk-tribal-arts-a-dialogue-across-time, title: Gustav Klimt and the Echoes of Indian Folk & Tribal Arts: A Dialogue Across Time})",[:RELATED_COLLECTION {overlap: 3}],"(:Collection {path: /collections/of-gods-and-trees-kalamkari-art-exhibition-at-triveni-by-memeraki, title: Of Gods and Trees, Kalamkari Art Exhibition at Triveni by MeMeraki})"
"(:Blog {path: /blogs/posts/kalamkari-exhibit-2024, title: Triveni Exhibit 2024})",[:RELATED_COLLECTION {overlap: 4}],"(:Collection {path: /collections/of-gods-and-trees-kalamkari-art-exhibition-at-triveni-by-memeraki, title: Of Gods and Trees, Kalamkari Art Exhibition at Triveni by MeMeraki})"
"(:Blog {path: /blogs/posts/seeking-meanings-reading-symbolic-motifs-in-mandana, title: Seeking Meanings: Reading Symbolic Motifs in Mandana})",[:RELATED_COLLECTION {overlap: 3}],"(:Collection {path: /collections/happy-kumawat, title: Happy Kumawat})"
"(:Blog {path: /blogs/posts/kangra-school-of-pahari-miniature-paintings, title: Kangra School of Pahari Miniature Paintings})",[:RELATED_COLLECTION {overlap: 3}],"(:Collection {path: /collections/poonam-katoch, title: Poonam Katoch})"
"(:Blog {path: /blogs/posts/basohli-school-of-pahari-miniature-paintings, title: Basohli School of Pahari Miniature paintings})",[:RELATED_COLLECTION {overlap: 3}],"(:Collection {path: /collections/poonam-katoch, title: Poonam Katoch})"
"(:Blog {path: /blogs/posts/molela-terracotta-craft, title: Molela Terracotta: A Rajasthani Craft})",[:RELATED_COLLECTION {overlap: 3}],"(:Collection {path: /collections/applique-embroidery, title: Applique Embroidery})"
"(:Blog {path: /blogs/posts/bhil-art, title: Bhil Art- Uniqueness in Simplicity.})",[:RELATED_COLLECTION {overlap: 3}],"(:Collection {path: /collections/applique-embroidery, title: Applique Embroidery})"
"(:Blog {path: /blogs/posts/the-art-of-stone-dust, title: The Art of Stone Dust})",[:RELATED_COLLECTION {overlap: 4}],"(:Collection {path: /collections/applique-embroidery, title: Applique Embroidery})"
"(:Blog {path: /blogs/posts/crafting-a-better-future-how-womens-handicrafts-promote-economic-growth-and-gender-equality, title: Crafting a Better Future: How Women's Handicrafts Promote Economic Growth and Gender Equality})",[:RELATED_COLLECTION {overlap: 3}],"(:Collection {path: /collections/applique-embroidery, title: Applique Embroidery})"
"(:Blog {path: /blogs/posts/block-printing-the-rarity-of-fabrics-made-by-hand, title: Block Printing: The Rarity of Fabrics Made by Hand})",[:RELATED_COLLECTION {overlap: 3}],"(:Collection {path: /collections/aastha-billowria-and-shivakshi-sharma, title: Aastha Billowria and Shivakshi Sharma})"
"(:Blog {path: /blogs/posts/madhubani-paintings-an-enduring-legacy-of-mithila, title: MADHUBANI PAINTINGS: AN ENDURING LEGACY OF MITHILA})",[:RELATED_COLLECTION {overlap: 3}],"(:Collection {path: /collections/manjusha, title: Manjusha Paintings and Art Collection})"
"(:Blog {path: /blogs/posts/famous-kalamkari-paintings-and-artists, title: Famous Kalamkari Paintings and Artists})",[:RELATED_COLLECTION {overlap: 3}],"(:Collection {path: /collections/trove-craft-india, title: Trove Craft India})"
"(:Blog {path: /blogs/posts/exploring-the-different-styles-of-kalamkari-art, title: Exploring the Different Styles of Kalamkari Art})",[:RELATED_COLLECTION {overlap: 3}],"(:Collection {path: /collections/trove-craft-india, title: Trove Craft India})"
"(:Blog {path: /blogs/posts/love-and-romance-in-indian-miniature-paintings, title: Love and Romance in Indian Miniature Paintings})",[:RELATED_COLLECTION {overlap: 3}],"(:Collection {path: /collections/trove-craft-india, title: Trove Craft India})"
"(:Blog {path: /blogs/posts/themes-and-symbolism-in-kalamkari-art-a-cultural-and-historical-perspective, title: Themes and Symbolism in Kalamkari Art: A Cultural and Historical Perspective})",[:RELATED_COLLECTION {overlap: 4}],"(:Collection {path: /collections/trove-craft-india, title: Trove Craft India})"
"(:Blog {path: /blogs/posts/paitkar-paintings-storytelling-through-scrolls, title: Paitkar Paintings, storytelling through scrolls})",[:RELATED_COLLECTION {overlap: 3}],"(:Collection {path: /collections/trove-craft-india, title: Trove Craft India})"
"(:Blog {path: /blogs/posts/the-pioneering-women-artists-of-bhil-art, title: The Pioneering Women of Bhil Art})",[:RELATED_COLLECTION {overlap: 3}],"(:Collection {path: /collections/trove-craft-india, title: Trove Craft India})"
"(:Blog {path: /blogs/art-guides/how-to-pick-your-first-traditional-indian-artwork, title: How to Pick Your First Traditional Indian Artwork})",[:RELATED_COLLECTION {overlap: 3}],"(:Collection {path: /collections/trove-craft-india, title: Trove Craft India})"
"(:Blog {path: /blogs/posts/bridal-jewelry-across-india-a-legacy-of-craft-culture-and-captivating-history, title: Bridal Jewelry Across India: A Legacy of Craft, Culture, and Captivating History})",[:RELATED_COLLECTION {overlap: 3}],"(:Collection {path: /collections/haryana, title: Haryana})"
"(:Blog {path: /blogs/posts/how-to-start-a-personal-collection-of-indian-folk-paintings, title: How to Start a Personal Collection of Indian Folk Paintings})",[:RELATED_COLLECTION {overlap: 3}],"(:Collection {path: /collections/shersingh-bhabor, title: Shersingh Bhabor})"
"(:Blog {path: /blogs/posts/ganjifa-a-kaleidoscope-of-indian-art-and-culture, title: Ganjifa: A kaleidoscope of Indian art and culture})",[:RELATED_COLLECTION {overlap: 3}],"(:Collection {path: /collections/md-sayeed-ahmed, title: Md Sayeed Ahmed})"
"(:Blog {path: /blogs/posts/block-printing-the-rarity-of-fabrics-made-by-hand, title: Block Printing: The Rarity of Fabrics Made by Hand})",[:RELATED_COLLECTION {overlap: 4}],"(:Collection {path: /collections/batik-and-bandhini-artwork, title: Batik and Bandhini Artwork})"
"(:Blog {path: /blogs/posts/madhubani-paintings-an-enduring-legacy-of-mithila, title: MADHUBANI PAINTINGS: AN ENDURING LEGACY OF MITHILA})",[:RELATED_COLLECTION {overlap: 5}],"(:Collection {path: /collections/batik-and-bandhini-artwork, title: Batik and Bandhini Artwork})"
"(:Blog {path: /blogs/posts/signature-patterns-in-gond, title: SIGNATURE PATTERNS IN GOND})",[:RELATED_COLLECTION {overlap: 4}],"(:Collection {path: /collections/batik-and-bandhini-artwork, title: Batik and Bandhini Artwork})"
"(:Blog {path: /blogs/posts/symbolism-in-indian-tribal-art-forms, title: Symbolism In Indian Tribal Art Forms})",[:RELATED_COLLECTION {overlap: 3}],"(:Collection {path: /collections/batik-and-bandhini-artwork, title: Batik and Bandhini Artwork})"
"(:Blog {path: /blogs/posts/bandhani-print-india, title: Bandhani Print: The Art of Tie-Dye in India})",[:RELATED_COLLECTION {overlap: 3}],"(:Collection {path: /collections/batik-and-bandhini-artwork, title: Batik and Bandhini Artwork})"
"(:Blog {path: /blogs/posts/molela-village-a-hidden-gem-of-traditional-crafts, title: Molela Village: A Hidden Gem of Traditional Crafts})",[:RELATED_COLLECTION {overlap: 3}],"(:Collection {path: /collections/batik-and-bandhini-artwork, title: Batik and Bandhini Artwork})"
"(:Blog {path: /blogs/posts/bhil-art, title: Bhil Art- Uniqueness in Simplicity.})",[:RELATED_COLLECTION {overlap: 3}],"(:Collection {path: /collections/batik-and-bandhini-artwork, title: Batik and Bandhini Artwork})"
"(:Blog {path: /blogs/posts/signature-patterns-in-gond-art, title: Signature Patterns in Gond Art})",[:RELATED_COLLECTION {overlap: 3}],"(:Collection {path: /collections/batik-and-bandhini-artwork, title: Batik and Bandhini Artwork})"
"(:Blog {path: /blogs/posts/human-animal-hybrids-as-a-motif-in-indian-folklores, title: Human-Animal Hybrids as a Motif in Indian Folklores})",[:RELATED_COLLECTION {overlap: 3}],"(:Collection {path: /collections/batik-and-bandhini-artwork, title: Batik and Bandhini Artwork})"
"(:Blog {path: /blogs/posts/doorways-to-culture-art-and-symbolism-of-doors-windows-and-jharokhas-in-india, title: Doorways to culture: Art and symbolism of Doors, Windows, and Jharokhas in India})",[:RELATED_COLLECTION {overlap: 3}],"(:Collection {path: /collections/batik-and-bandhini-artwork, title: Batik and Bandhini Artwork})"
"(:Blog {path: /blogs/posts/patangarh-unveiling-the-riches-of-a-timeless-village, title: Patangarh: Unveiling the Riches of a Timeless Village})",[:RELATED_COLLECTION {overlap: 3}],"(:Collection {path: /collections/batik-and-bandhini-artwork, title: Batik and Bandhini Artwork})"